"(instance (member Agent (root https://www.npmjs.com/package/http)))","free"
"(instance (member Agent (root https://www.npmjs.com/package/https)))","free"
"(instance (member Duplex (root https://www.npmjs.com/package/readable-stream)))","ready"
"(instance (member PassThrough (root https://www.npmjs.com/package/stream)))","response"
"(instance (member PassThrough (root https://www.npmjs.com/package/stream)))","open"
"(instance (member PassThrough (root https://www.npmjs.com/package/stream)))","request"
"(instance (member PassThrough (root https://www.npmjs.com/package/stream)))","abort"
"(instance (member PassThrough (root https://www.npmjs.com/package/stream)))","connect"
"(instance (member PassThrough (root https://www.npmjs.com/package/stream)))","aborted"
"(instance (member PassThrough (root https://www.npmjs.com/package/stream)))","socket"
"(instance (member PassThrough (root https://www.npmjs.com/package/stream)))","clientError"
"(instance (member PassThrough (root https://www.npmjs.com/package/stream)))","reconnect"
"(instance (member Readable (member Readable (root https://www.npmjs.com/package/stream))))","request"
"(instance (member Readable (member Readable (root https://www.npmjs.com/package/stream))))","abort"
"(instance (member Readable (member Readable (root https://www.npmjs.com/package/stream))))","finish"
"(instance (member Readable (root https://www.npmjs.com/package/readable-stream)))","pong"
"(instance (member Readable (root https://www.npmjs.com/package/readable-stream)))","ping"
"(instance (member Readable (root https://www.npmjs.com/package/readable-stream)))","finish"
"(instance (member Readable (root https://www.npmjs.com/package/readable-stream)))","aborted"
"(instance (member Readable (root https://www.npmjs.com/package/readable-stream)))","drain"
"(instance (member Readable (root https://www.npmjs.com/package/stream)))","response"
"(instance (member Readable (root https://www.npmjs.com/package/stream)))","pong"
"(instance (member Readable (root https://www.npmjs.com/package/stream)))","ping"
"(instance (member Readable (root https://www.npmjs.com/package/stream)))","headers"
"(instance (member Readable (root https://www.npmjs.com/package/stream)))","finish"
"(instance (member Readable (root https://www.npmjs.com/package/stream)))","aborted"
"(instance (member Readable (root https://www.npmjs.com/package/stream)))","pipe"
"(instance (member Readable (root https://www.npmjs.com/package/stream)))","unpipe"
"(instance (member Readable (root https://www.npmjs.com/package/stream)))","drain"
"(instance (member Server (root https://www.npmjs.com/package/tls)))","clientError"
"(instance (member Server (root https://www.npmjs.com/package/ws)))","message"
"(instance (member Server (root https://www.npmjs.com/package/ws)))","open"
"(instance (member Server (root https://www.npmjs.com/package/ws)))","disconnect"
"(instance (member Socket (root https://www.npmjs.com/package/net)))","message"
"(instance (member Socket (root https://www.npmjs.com/package/net)))","response"
"(instance (member Socket (root https://www.npmjs.com/package/net)))","disconnect"
"(instance (member Socket (root https://www.npmjs.com/package/net)))","fd"
"(instance (member Socket (root https://www.npmjs.com/package/net)))","listening"
"(instance (member Socket (root https://www.npmjs.com/package/net)))","secureConnect"
"(instance (member Socket (root https://www.npmjs.com/package/net)))","secureConnection"
"(instance (member Socket (root https://www.npmjs.com/package/net)))","tlsClientError"
"(instance (member Socket (root https://www.npmjs.com/package/socket.io-client)))","message"
"(instance (member Socket (root https://www.npmjs.com/package/socket.io-client)))","disconnect"
"(instance (member Socket (root https://www.npmjs.com/package/socket.io-client)))","connection"
"(instance (member Socket (root https://www.npmjs.com/package/socket.io-client)))","reconnect"
"(instance (member Socket (root https://www.npmjs.com/package/socket.io-client)))","reconnect_failed"
"(instance (member Socket (root https://www.npmjs.com/package/socket.io-client)))","reconnecting"
"(instance (member TLSSocket (root https://www.npmjs.com/package/tls)))","response"
"(instance (member TLSSocket (root https://www.npmjs.com/package/tls)))","clientError"
"(instance (member TLSSocket (root https://www.npmjs.com/package/tls)))","secure"
"(instance (member TLSSocket (root https://www.npmjs.com/package/tls)))","secureConnection"
"(instance (member TLSSocket (root https://www.npmjs.com/package/tls)))","tlsClientError"
"(instance (member Transform (root https://www.npmjs.com/package/readable-stream)))","request"
"(instance (member Transform (root https://www.npmjs.com/package/readable-stream)))","abort"
"(instance (member Transform (root https://www.npmjs.com/package/readable-stream)))","connect"
"(instance (member Writable (member Readable (root https://www.npmjs.com/package/stream))))","end"
"(instance (member Writable (member Readable (root https://www.npmjs.com/package/stream))))","request"
"(instance (member Writable (member Readable (root https://www.npmjs.com/package/stream))))","abort"
"(instance (member Writable (root https://www.npmjs.com/package/readable-stream)))","data"
"(instance (member Writable (root https://www.npmjs.com/package/readable-stream)))","end"
"(instance (member Writable (root https://www.npmjs.com/package/readable-stream)))","readable"
"(instance (member Writable (root https://www.npmjs.com/package/stream)))","ready"
"(instance (member Writable (root https://www.npmjs.com/package/stream)))","data"
"(instance (member Writable (root https://www.npmjs.com/package/stream)))","end"
"(instance (member Writable (root https://www.npmjs.com/package/stream)))","request"
"(instance (member Writable (root https://www.npmjs.com/package/stream)))","exit"
"(instance (member Writable (root https://www.npmjs.com/package/stream)))","abort"
"(instance (root https://www.npmjs.com/package/events))","ready"
"(instance (root https://www.npmjs.com/package/events))","error"
"(instance (root https://www.npmjs.com/package/events))","message"
"(instance (root https://www.npmjs.com/package/events))","response"
"(instance (root https://www.npmjs.com/package/events))","data"
"(instance (root https://www.npmjs.com/package/events))","file"
"(instance (root https://www.npmjs.com/package/events))","end"
"(instance (root https://www.npmjs.com/package/events))","open"
"(instance (root https://www.npmjs.com/package/events))","request"
"(instance (root https://www.npmjs.com/package/events))","close"
"(instance (root https://www.npmjs.com/package/events))","pong"
"(instance (root https://www.npmjs.com/package/events))","exit"
"(instance (root https://www.npmjs.com/package/events))","finish"
"(instance (root https://www.npmjs.com/package/events))","connect"
"(instance (root https://www.npmjs.com/package/events))","disconnect"
"(instance (root https://www.npmjs.com/package/events))","reconnect"
"(instance (root https://www.npmjs.com/package/events))","reconnecting"
"(instance (root https://www.npmjs.com/package/events))","uncaughtException"
"(instance (root https://www.npmjs.com/package/readable-stream))","finish"
"(instance (root https://www.npmjs.com/package/stream))","error"
"(instance (root https://www.npmjs.com/package/stream))","data"
"(instance (root https://www.npmjs.com/package/stream))","end"
"(instance (root https://www.npmjs.com/package/stream))","close"
"(instance (root https://www.npmjs.com/package/stream))","pause"
"(instance (root https://www.npmjs.com/package/stream))","finish"
"(instance (root https://www.npmjs.com/package/stream))","pipe"
"(instance (root https://www.npmjs.com/package/stream))","unpipe"
"(instance (root https://www.npmjs.com/package/stream))","drain"
"(instance (root https://www.npmjs.com/package/ws))","error"
"(instance (root https://www.npmjs.com/package/ws))","data"
"(instance (root https://www.npmjs.com/package/ws))","end"
"(instance (root https://www.npmjs.com/package/ws))","connect"
"(instance (root https://www.npmjs.com/package/ws))","fd"
"(instance (root https://www.npmjs.com/package/ws))","connection"
"(member process (return (member fork (root https://www.npmjs.com/package/cluster))))","uncaughtException"
"(member sockets (return (member listen (root https://www.npmjs.com/package/socket.io))))","error"
"(member sockets (return (member listen (root https://www.npmjs.com/package/socket.io))))","close"
"(member sockets (return (member listen (root https://www.npmjs.com/package/socket.io))))","disconnect"
"(member sockets (return (root https://www.npmjs.com/package/socket.io)))","close"
"(member stdin (return (member exec (root https://www.npmjs.com/package/child_process))))","data"
"(member stdin (return (member exec (root https://www.npmjs.com/package/child_process))))","exit"
"(member stdin (return (member spawn (root https://www.npmjs.com/package/child_process))))","data"
"(member stdin (return (member spawn (root https://www.npmjs.com/package/child_process))))","end"
"(member stdin (return (member spawn (root https://www.npmjs.com/package/child_process))))","timeout"
"(member stdin (return (member spawn (root https://www.npmjs.com/package/child_process))))","connect"
"(member stdin (return (member spawn (root https://www.npmjs.com/package/child_process))))","secureConnect"
"(member stdout (return (member exec (root https://www.npmjs.com/package/child_process))))","message"
"(member stdout (return (member exec (root https://www.npmjs.com/package/child_process))))","exit"
"(member stdout (return (member exec (root https://www.npmjs.com/package/child_process))))","disconnect"
"(member stdout (return (member spawn (root https://www.npmjs.com/package/child_process))))","message"
"(member stdout (return (member spawn (root https://www.npmjs.com/package/child_process))))","finish"
"(member stdout (return (member spawn (root https://www.npmjs.com/package/child_process))))","line"
"(member stdout (root https://www.npmjs.com/package/process))","warning"
"(member stdout (root https://www.npmjs.com/package/process))","open"
"(member stdout (root https://www.npmjs.com/package/process))","exit"
"(parameter 0 (parameter 0 (member createServer (root https://www.npmjs.com/package/http))))","request"
"(parameter 0 (parameter 0 (member createServer (root https://www.npmjs.com/package/http))))","timeout"
"(parameter 0 (parameter 0 (member createServer (root https://www.npmjs.com/package/http))))","finish"
"(parameter 0 (parameter 0 (member createServer (root https://www.npmjs.com/package/http))))","upgrade"
"(parameter 0 (parameter 0 (member createServer (root https://www.npmjs.com/package/http))))","socket"
"(parameter 0 (parameter 0 (member createServer (root https://www.npmjs.com/package/http))))","drain"
"(parameter 0 (parameter 0 (member createServer (root https://www.npmjs.com/package/net))))","message"
"(parameter 0 (parameter 0 (member createServer (root https://www.npmjs.com/package/net))))","open"
"(parameter 0 (parameter 0 (member createServer (root https://www.npmjs.com/package/net))))","request"
"(parameter 0 (parameter 0 (member createServer (root https://www.npmjs.com/package/net))))","exit"
"(parameter 0 (parameter 0 (member createServer (root https://www.npmjs.com/package/net))))","abort"
"(parameter 0 (parameter 0 (member createServer (root https://www.npmjs.com/package/net))))","disconnect"
"(parameter 0 (parameter 0 (member createServer (root https://www.npmjs.com/package/net))))","fd"
"(parameter 0 (parameter 0 (member createServer (root https://www.npmjs.com/package/net))))","listening"
"(parameter 0 (parameter 0 (member createServer (root https://www.npmjs.com/package/net))))","connection"
"(parameter 0 (parameter 0 (member createServer (root https://www.npmjs.com/package/net))))","secure"
"(parameter 0 (parameter 0 (member createServer (root https://www.npmjs.com/package/net))))","secureConnection"
"(parameter 0 (parameter 1 (member get (root https://www.npmjs.com/package/http))))","request"
"(parameter 0 (parameter 1 (member get (root https://www.npmjs.com/package/http))))","exit"
"(parameter 0 (parameter 1 (member get (root https://www.npmjs.com/package/http))))","abort"
"(parameter 0 (parameter 1 (member get (root https://www.npmjs.com/package/http))))","complete"
"(parameter 0 (parameter 1 (member get (root https://www.npmjs.com/package/http))))","finish"
"(parameter 0 (parameter 1 (member request (root https://www.npmjs.com/package/http))))","timeout"
"(parameter 0 (parameter 1 (member request (root https://www.npmjs.com/package/http))))","abort"
"(parameter 0 (parameter 1 (member request (root https://www.npmjs.com/package/http))))","complete"
"(parameter 0 (parameter 1 (member request (root https://www.npmjs.com/package/http))))","finish"
"(parameter 0 (parameter 1 (member request (root https://www.npmjs.com/package/http))))","fd"
"(parameter 0 (parameter 1 (member request (root https://www.npmjs.com/package/http))))","trailers"
"(parameter 0 (parameter 1 (member request (root https://www.npmjs.com/package/http))))","drain"
"(parameter 0 (parameter 1 (member request (root https://www.npmjs.com/package/https))))","timeout"
"(parameter 0 (parameter 1 (member request (root https://www.npmjs.com/package/https))))","abort"
"(parameter 0 (parameter 1 (member request (root https://www.npmjs.com/package/https))))","trailers"
"(parameter 0 (parameter 1 (member request (root https://www.npmjs.com/package/https))))","drain"
"(parameter 0 (parameter 3 (member handleUpgrade (instance (member Server (root https://www.npmjs.com/package/ws))))))","error"
"(parameter 0 (parameter 3 (member handleUpgrade (instance (member Server (root https://www.npmjs.com/package/ws))))))","data"
"(parameter 0 (parameter 3 (member handleUpgrade (return (member Server (root https://www.npmjs.com/package/ws))))))","error"
"(parameter 0 (parameter 3 (member handleUpgrade (return (member Server (root https://www.npmjs.com/package/ws))))))","data"
"(return (member Agent (root https://www.npmjs.com/package/http)))","free"
"(return (member Agent (root https://www.npmjs.com/package/https)))","free"
"(return (member Duplex (root https://www.npmjs.com/package/readable-stream)))","ready"
"(return (member PassThrough (root https://www.npmjs.com/package/stream)))","response"
"(return (member PassThrough (root https://www.npmjs.com/package/stream)))","open"
"(return (member PassThrough (root https://www.npmjs.com/package/stream)))","request"
"(return (member PassThrough (root https://www.npmjs.com/package/stream)))","abort"
"(return (member PassThrough (root https://www.npmjs.com/package/stream)))","connect"
"(return (member PassThrough (root https://www.npmjs.com/package/stream)))","aborted"
"(return (member PassThrough (root https://www.npmjs.com/package/stream)))","socket"
"(return (member PassThrough (root https://www.npmjs.com/package/stream)))","clientError"
"(return (member PassThrough (root https://www.npmjs.com/package/stream)))","reconnect"
"(return (member Readable (root https://www.npmjs.com/package/readable-stream)))","pong"
"(return (member Readable (root https://www.npmjs.com/package/readable-stream)))","ping"
"(return (member Readable (root https://www.npmjs.com/package/readable-stream)))","finish"
"(return (member Readable (root https://www.npmjs.com/package/readable-stream)))","aborted"
"(return (member Readable (root https://www.npmjs.com/package/readable-stream)))","drain"
"(return (member Readable (root https://www.npmjs.com/package/stream)))","response"
"(return (member Readable (root https://www.npmjs.com/package/stream)))","pong"
"(return (member Readable (root https://www.npmjs.com/package/stream)))","ping"
"(return (member Readable (root https://www.npmjs.com/package/stream)))","headers"
"(return (member Readable (root https://www.npmjs.com/package/stream)))","finish"
"(return (member Readable (root https://www.npmjs.com/package/stream)))","aborted"
"(return (member Readable (root https://www.npmjs.com/package/stream)))","pipe"
"(return (member Readable (root https://www.npmjs.com/package/stream)))","unpipe"
"(return (member Readable (root https://www.npmjs.com/package/stream)))","drain"
"(return (member Server (root https://www.npmjs.com/package/tls)))","clientError"
"(return (member Server (root https://www.npmjs.com/package/ws)))","message"
"(return (member Server (root https://www.npmjs.com/package/ws)))","open"
"(return (member Server (root https://www.npmjs.com/package/ws)))","disconnect"
"(return (member Socket (root https://www.npmjs.com/package/net)))","message"
"(return (member Socket (root https://www.npmjs.com/package/net)))","response"
"(return (member Socket (root https://www.npmjs.com/package/net)))","disconnect"
"(return (member Socket (root https://www.npmjs.com/package/net)))","fd"
"(return (member Socket (root https://www.npmjs.com/package/net)))","listening"
"(return (member Socket (root https://www.npmjs.com/package/net)))","secureConnect"
"(return (member Socket (root https://www.npmjs.com/package/net)))","secureConnection"
"(return (member Socket (root https://www.npmjs.com/package/net)))","tlsClientError"
"(return (member Socket (root https://www.npmjs.com/package/socket.io-client)))","message"
"(return (member Socket (root https://www.npmjs.com/package/socket.io-client)))","disconnect"
"(return (member Socket (root https://www.npmjs.com/package/socket.io-client)))","connection"
"(return (member Socket (root https://www.npmjs.com/package/socket.io-client)))","reconnect"
"(return (member Socket (root https://www.npmjs.com/package/socket.io-client)))","reconnect_failed"
"(return (member Socket (root https://www.npmjs.com/package/socket.io-client)))","reconnecting"
"(return (member TLSSocket (root https://www.npmjs.com/package/tls)))","response"
"(return (member TLSSocket (root https://www.npmjs.com/package/tls)))","clientError"
"(return (member TLSSocket (root https://www.npmjs.com/package/tls)))","secure"
"(return (member TLSSocket (root https://www.npmjs.com/package/tls)))","secureConnection"
"(return (member TLSSocket (root https://www.npmjs.com/package/tls)))","tlsClientError"
"(return (member Transform (root https://www.npmjs.com/package/readable-stream)))","request"
"(return (member Transform (root https://www.npmjs.com/package/readable-stream)))","abort"
"(return (member Transform (root https://www.npmjs.com/package/readable-stream)))","connect"
"(return (member Writable (root https://www.npmjs.com/package/readable-stream)))","data"
"(return (member Writable (root https://www.npmjs.com/package/readable-stream)))","end"
"(return (member Writable (root https://www.npmjs.com/package/readable-stream)))","readable"
"(return (member Writable (root https://www.npmjs.com/package/stream)))","ready"
"(return (member Writable (root https://www.npmjs.com/package/stream)))","message"
"(return (member Writable (root https://www.npmjs.com/package/stream)))","data"
"(return (member Writable (root https://www.npmjs.com/package/stream)))","end"
"(return (member Writable (root https://www.npmjs.com/package/stream)))","request"
"(return (member Writable (root https://www.npmjs.com/package/stream)))","exit"
"(return (member Writable (root https://www.npmjs.com/package/stream)))","abort"
"(return (member connect (return (root https://www.npmjs.com/package/socket.io-client))))","message"
"(return (member connect (root https://www.npmjs.com/package/net)))","message"
"(return (member connect (root https://www.npmjs.com/package/net)))","request"
"(return (member connect (root https://www.npmjs.com/package/net)))","exit"
"(return (member connect (root https://www.npmjs.com/package/net)))","abort"
"(return (member connect (root https://www.npmjs.com/package/net)))","connection"
"(return (member connect (root https://www.npmjs.com/package/net)))","secure"
"(return (member connect (root https://www.npmjs.com/package/net)))","secureConnect"
"(return (member connect (root https://www.npmjs.com/package/net)))","secureConnection"
"(return (member connect (root https://www.npmjs.com/package/tls)))","message"
"(return (member connect (root https://www.npmjs.com/package/tls)))","response"
"(return (member connect (root https://www.npmjs.com/package/tls)))","disconnect"
"(return (member connect (root https://www.npmjs.com/package/tls)))","line"
"(return (member connect (root https://www.npmjs.com/package/tls)))","clientError"
"(return (member connect (root https://www.npmjs.com/package/tls)))","secure"
"(return (member connect (root https://www.npmjs.com/package/tls)))","secureConnection"
"(return (member connect (root https://www.npmjs.com/package/tls)))","tlsClientError"
"(return (member createGunzip (root https://www.npmjs.com/package/zlib)))","entry"
"(return (member createInterface (root https://www.npmjs.com/package/readline)))","error"
"(return (member createInterface (root https://www.npmjs.com/package/readline)))","end"
"(return (member createReadStream (instance (member EventEmitter (root https://www.npmjs.com/package/events)))))","open"
"(return (member createReadStream (parameter 0 (member pipe (instance (member Readable (root https://www.npmjs.com/package/stream)))))))","close"
"(return (member createReadStream (parameter 0 (member pipe (return (member Readable (root https://www.npmjs.com/package/stream)))))))","close"
"(return (member createReadStream (return (member EventEmitter (root https://www.npmjs.com/package/events)))))","open"
"(return (member createReadStream (root https://www.npmjs.com/package/fs)))","file"
"(return (member createReadStream (root https://www.npmjs.com/package/fs)))","request"
"(return (member createReadStream (root https://www.npmjs.com/package/fs)))","exit"
"(return (member createReadStream (root https://www.npmjs.com/package/fs)))","abort"
"(return (member createReadStream (root https://www.npmjs.com/package/fs)))","finish"
"(return (member createReadStream (root https://www.npmjs.com/package/fs)))","aborted"
"(return (member createReadStream (root https://www.npmjs.com/package/fs)))","pipe"
"(return (member createReadStream (root https://www.npmjs.com/package/fs)))","drain"
"(return (member createReadStream (root https://www.npmjs.com/package/fs-extra)))","open"
"(return (member createReadStream (root https://www.npmjs.com/package/fs-extra)))","close"
"(return (member createReadStream (root https://www.npmjs.com/package/fs-plus)))","open"
"(return (member createServer (root https://www.npmjs.com/package/http)))","response"
"(return (member createServer (root https://www.npmjs.com/package/http)))","timeout"
"(return (member createServer (root https://www.npmjs.com/package/http)))","exit"
"(return (member createServer (root https://www.npmjs.com/package/http)))","SIGINT"
"(return (member createServer (root https://www.npmjs.com/package/http)))","newSession"
"(return (member createServer (root https://www.npmjs.com/package/http)))","resumeSession"
"(return (member createServer (root https://www.npmjs.com/package/http)))","secureConnection"
"(return (member createServer (root https://www.npmjs.com/package/http)))","tlsClientError"
"(return (member createServer (root https://www.npmjs.com/package/http)))","uncaughtException"
"(return (member createServer (root https://www.npmjs.com/package/https)))","OCSPRequest"
"(return (member createServer (root https://www.npmjs.com/package/https)))","newSession"
"(return (member createServer (root https://www.npmjs.com/package/https)))","resumeSession"
"(return (member createServer (root https://www.npmjs.com/package/https)))","secureConnection"
"(return (member createServer (root https://www.npmjs.com/package/https)))","tlsClientError"
"(return (member createServer (root https://www.npmjs.com/package/net)))","ready"
"(return (member createServer (root https://www.npmjs.com/package/net)))","message"
"(return (member createServer (root https://www.npmjs.com/package/net)))","data"
"(return (member createServer (root https://www.npmjs.com/package/net)))","file"
"(return (member createServer (root https://www.npmjs.com/package/net)))","end"
"(return (member createServer (root https://www.npmjs.com/package/net)))","open"
"(return (member createServer (root https://www.npmjs.com/package/net)))","request"
"(return (member createServer (root https://www.npmjs.com/package/net)))","timeout"
"(return (member createServer (root https://www.npmjs.com/package/net)))","disconnect"
"(return (member createServer (root https://www.npmjs.com/package/net)))","readable"
"(return (member createServer (root https://www.npmjs.com/package/net)))","OCSPRequest"
"(return (member createServer (root https://www.npmjs.com/package/net)))","clientError"
"(return (member createServer (root https://www.npmjs.com/package/net)))","drain"
"(return (member createServer (root https://www.npmjs.com/package/net)))","resumeSession"
"(return (member createServer (root https://www.npmjs.com/package/net)))","secureConnection"
"(return (member createServer (root https://www.npmjs.com/package/tls)))","end"
"(return (member createServer (root https://www.npmjs.com/package/tls)))","open"
"(return (member createServer (root https://www.npmjs.com/package/tls)))","clientError"
"(return (member createUnzip (root https://www.npmjs.com/package/zlib)))","timeout"
"(return (member createWriteStream (instance (member EventEmitter (root https://www.npmjs.com/package/events)))))","data"
"(return (member createWriteStream (instance (member EventEmitter (root https://www.npmjs.com/package/events)))))","end"
"(return (member createWriteStream (instance (member EventEmitter (root https://www.npmjs.com/package/events)))))","open"
"(return (member createWriteStream (return (member EventEmitter (root https://www.npmjs.com/package/events)))))","data"
"(return (member createWriteStream (return (member EventEmitter (root https://www.npmjs.com/package/events)))))","end"
"(return (member createWriteStream (return (member EventEmitter (root https://www.npmjs.com/package/events)))))","open"
"(return (member createWriteStream (return (member table (return (member connect (root https://www.npmjs.com/package/streamsql)))))))","data"
"(return (member createWriteStream (return (member table (return (member connect (root https://www.npmjs.com/package/streamsql)))))))","end"
"(return (member createWriteStream (root https://www.npmjs.com/package/fs)))","data"
"(return (member createWriteStream (root https://www.npmjs.com/package/fs)))","end"
"(return (member createWriteStream (root https://www.npmjs.com/package/fs)))","request"
"(return (member createWriteStream (root https://www.npmjs.com/package/fs)))","resume"
"(return (member createWriteStream (root https://www.npmjs.com/package/fs)))","exit"
"(return (member createWriteStream (root https://www.npmjs.com/package/fs)))","abort"
"(return (member createWriteStream (root https://www.npmjs.com/package/fs)))","pause"
"(return (member createWriteStream (root https://www.npmjs.com/package/fs)))","readable"
"(return (member createWriteStream (root https://www.npmjs.com/package/fs)))","aborted"
"(return (member createWriteStream (root https://www.npmjs.com/package/fs-extra)))","warning"
"(return (member createWriteStream (root https://www.npmjs.com/package/fs-extra)))","end"
"(return (member createWriteStream (root https://www.npmjs.com/package/fs-extra)))","open"
"(return (member createWriteStream (root https://www.npmjs.com/package/fs-plus)))","open"
"(return (member exec (root https://www.npmjs.com/package/child_process)))","data"
"(return (member exec (root https://www.npmjs.com/package/child_process)))","end"
"(return (member exec (root https://www.npmjs.com/package/child_process)))","request"
"(return (member exec (root https://www.npmjs.com/package/child_process)))","abort"
"(return (member exec (root https://www.npmjs.com/package/child_process)))","finish"
"(return (member fork (root https://www.npmjs.com/package/child_process)))","warning"
"(return (member fork (root https://www.npmjs.com/package/child_process)))","SIGINT"
"(return (member fork (root https://www.npmjs.com/package/child_process)))","listening"
"(return (member fork (root https://www.npmjs.com/package/child_process)))","uncaughtException"
"(return (member fork (root https://www.npmjs.com/package/cluster)))","fork"
"(return (member fork (root https://www.npmjs.com/package/cluster)))","death"
"(return (member get (root https://www.npmjs.com/package/http)))","data"
"(return (member get (root https://www.npmjs.com/package/http)))","end"
"(return (member get (root https://www.npmjs.com/package/https)))","end"
"(return (member listen (return (member createServer (root https://www.npmjs.com/package/net)))))","clientError"
"(return (member listen (return (member createServer (root https://www.npmjs.com/package/tls)))))","clientError"
"(return (member of (return (root https://www.npmjs.com/package/socket.io))))","error"
"(return (member of (return (root https://www.npmjs.com/package/socket.io))))","disconnect"
"(return (member request (root https://www.npmjs.com/package/http)))","push"
"(return (member request (root https://www.npmjs.com/package/http)))","data"
"(return (member request (root https://www.npmjs.com/package/http)))","end"
"(return (member request (root https://www.npmjs.com/package/http)))","readable"
"(return (member request (root https://www.npmjs.com/package/http)))","aborted"
"(return (member request (root https://www.npmjs.com/package/http)))","uncaughtException"
"(return (member request (root https://www.npmjs.com/package/http2)))","response"
"(return (member request (root https://www.npmjs.com/package/http2)))","push"
"(return (member request (root https://www.npmjs.com/package/https)))","push"
"(return (member request (root https://www.npmjs.com/package/https)))","end"
"(return (member request (root https://www.npmjs.com/package/https)))","headers"
"(return (member request (root https://www.npmjs.com/package/https)))","readable"
"(return (member request (root https://www.npmjs.com/package/https)))","aborted"
"(return (member request (root https://www.npmjs.com/package/https)))","uncaughtException"
"(return (member setNoDelay (return (member connect (root https://www.npmjs.com/package/net)))))","secureConnect"
"(return (member socket (return (member Manager (root https://www.npmjs.com/package/socket.io-client)))))","message"
"(return (member spawn (root https://www.npmjs.com/package/child_process)))","ready"
"(return (member spawn (root https://www.npmjs.com/package/child_process)))","data"
"(return (member spawn (root https://www.npmjs.com/package/child_process)))","end"
"(return (member spawn (root https://www.npmjs.com/package/child_process)))","request"
"(return (member spawn (root https://www.npmjs.com/package/child_process)))","abort"
"(return (member spawn (root https://www.npmjs.com/package/child_process)))","finish"
"(return (member spawn (root https://www.npmjs.com/package/child_process)))","line"
"(return (member spawn (root https://www.npmjs.com/package/child_process)))","SIGINT"
"(return (member spawn (root https://www.npmjs.com/package/child_process)))","listening"
"(return (member spawn (root https://www.npmjs.com/package/child_process)))","uncaughtException"
"(return (member spawn (root https://www.npmjs.com/package/child_process)))","unhandledRejection"
"(return (member start (root https://www.npmjs.com/package/repl)))","error"
"(return (member start (root https://www.npmjs.com/package/repl)))","end"
"(return (root https://www.npmjs.com/package/events))","ready"
"(return (root https://www.npmjs.com/package/events))","error"
"(return (root https://www.npmjs.com/package/events))","message"
"(return (root https://www.npmjs.com/package/events))","response"
"(return (root https://www.npmjs.com/package/events))","data"
"(return (root https://www.npmjs.com/package/events))","file"
"(return (root https://www.npmjs.com/package/events))","end"
"(return (root https://www.npmjs.com/package/events))","open"
"(return (root https://www.npmjs.com/package/events))","request"
"(return (root https://www.npmjs.com/package/events))","close"
"(return (root https://www.npmjs.com/package/events))","pong"
"(return (root https://www.npmjs.com/package/events))","exit"
"(return (root https://www.npmjs.com/package/events))","finish"
"(return (root https://www.npmjs.com/package/events))","connect"
"(return (root https://www.npmjs.com/package/events))","disconnect"
"(return (root https://www.npmjs.com/package/events))","reconnect"
"(return (root https://www.npmjs.com/package/events))","reconnecting"
"(return (root https://www.npmjs.com/package/events))","uncaughtException"
"(return (root https://www.npmjs.com/package/readable-stream))","finish"
"(return (root https://www.npmjs.com/package/socket.io))","error"
"(return (root https://www.npmjs.com/package/socket.io))","connect"
"(return (root https://www.npmjs.com/package/socket.io))","disconnect"
"(return (root https://www.npmjs.com/package/socket.io))","connection"
"(return (root https://www.npmjs.com/package/socket.io-client))","ready"
"(return (root https://www.npmjs.com/package/socket.io-client))","warning"
"(return (root https://www.npmjs.com/package/socket.io-client))","message"
"(return (root https://www.npmjs.com/package/socket.io-client))","response"
"(return (root https://www.npmjs.com/package/socket.io-client))","push"
"(return (root https://www.npmjs.com/package/socket.io-client))","data"
"(return (root https://www.npmjs.com/package/socket.io-client))","file"
"(return (root https://www.npmjs.com/package/socket.io-client))","reset"
"(return (root https://www.npmjs.com/package/socket.io-client))","end"
"(return (root https://www.npmjs.com/package/socket.io-client))","open"
"(return (root https://www.npmjs.com/package/socket.io-client))","close"
"(return (root https://www.npmjs.com/package/socket.io-client))","exit"
"(return (root https://www.npmjs.com/package/socket.io-client))","abort"
"(return (root https://www.npmjs.com/package/socket.io-client))","online"
"(return (root https://www.npmjs.com/package/socket.io-client))","pause"
"(return (root https://www.npmjs.com/package/socket.io-client))","finish"
"(return (root https://www.npmjs.com/package/socket.io-client))","connection"
"(return (root https://www.npmjs.com/package/socket.io-client))","connect_failed"
"(return (root https://www.npmjs.com/package/socket.io-client))","unhandledRejection"
"(return (root https://www.npmjs.com/package/stream))","error"
"(return (root https://www.npmjs.com/package/stream))","data"
"(return (root https://www.npmjs.com/package/stream))","end"
"(return (root https://www.npmjs.com/package/stream))","close"
"(return (root https://www.npmjs.com/package/stream))","pause"
"(return (root https://www.npmjs.com/package/stream))","finish"
"(return (root https://www.npmjs.com/package/stream))","pipe"
"(return (root https://www.npmjs.com/package/stream))","unpipe"
"(return (root https://www.npmjs.com/package/stream))","drain"
"(return (root https://www.npmjs.com/package/ws))","error"
"(return (root https://www.npmjs.com/package/ws))","data"
"(return (root https://www.npmjs.com/package/ws))","end"
"(return (root https://www.npmjs.com/package/ws))","connect"
"(return (root https://www.npmjs.com/package/ws))","fd"
"(return (root https://www.npmjs.com/package/ws))","connection"
"(root https://www.npmjs.com/package/process)","error"
"(root https://www.npmjs.com/package/process)","data"
"(root https://www.npmjs.com/package/process)","end"
"(root https://www.npmjs.com/package/process)","request"
"(root https://www.npmjs.com/package/process)","close"
"(root https://www.npmjs.com/package/process)","exit"
"(root https://www.npmjs.com/package/process)","SIGINT"
"(root https://www.npmjs.com/package/process)","SIGILL"
"(root https://www.npmjs.com/package/process)","SIGKILL"
"(root https://www.npmjs.com/package/process)","SIGSEGV"
"(root https://www.npmjs.com/package/process)","SIGTERM"
"(root https://www.npmjs.com/package/process)","SIGUSR1"
"(root https://www.npmjs.com/package/process)","SIGCONT"
"(root https://www.npmjs.com/package/process)","SIGTSTP"
"(root https://www.npmjs.com/package/process)","drain"
