"(instance (member ClientRequest (member exports (module http))))","error"
"(instance (member ClientRequest (member exports (module http))))","response"
"(instance (member ClientRequest (member exports (module http))))","timeout"
"(instance (member Duplex (member exports (module readable-stream))))","error"
"(instance (member Duplex (member exports (module readable-stream))))","data"
"(instance (member Duplex (member exports (module readable-stream))))","end"
"(instance (member Duplex (member exports (module readable-stream))))","close"
"(instance (member Duplex (member exports (module readable-stream))))","finish"
"(instance (member Duplex (member exports (module stream))))","error"
"(instance (member Duplex (member exports (module stream))))","data"
"(instance (member Duplex (member exports (module stream))))","end"
"(instance (member Duplex (member exports (module stream))))","close"
"(instance (member Duplex (member exports (module stream))))","finish"
"(instance (member Duplex (member exports (module stream))))","readable"
"(instance (member Duplex (member exports (module stream))))","drain"
"(instance (member IncomingMessage (member exports (module http))))","data"
"(instance (member IncomingMessage (member exports (module http))))","end"
"(instance (member IncomingMessage (member exports (module http))))","close"
"(instance (member Manager (member exports (module socket.io-client))))","connect_error"
"(instance (member Manager (member exports (module socket.io-client))))","reconnect_attempt"
"(instance (member Manager (member exports (module socket.io-client))))","reconnect_failed"
"(instance (member PassThrough (member exports (module readable-stream))))","error"
"(instance (member PassThrough (member exports (module readable-stream))))","data"
"(instance (member PassThrough (member exports (module readable-stream))))","end"
"(instance (member PassThrough (member exports (module readable-stream))))","close"
"(instance (member PassThrough (member exports (module readable-stream))))","finish"
"(instance (member PassThrough (member exports (module readable-stream))))","readable"
"(instance (member PassThrough (member exports (module readable-stream))))","pipe"
"(instance (member PassThrough (member exports (module readable-stream))))","unpipe"
"(instance (member PassThrough (member exports (module readable-stream))))","drain"
"(instance (member PassThrough (member exports (module stream))))","error"
"(instance (member PassThrough (member exports (module stream))))","data"
"(instance (member PassThrough (member exports (module stream))))","end"
"(instance (member PassThrough (member exports (module stream))))","close"
"(instance (member PassThrough (member exports (module stream))))","resume"
"(instance (member PassThrough (member exports (module stream))))","finish"
"(instance (member PassThrough (member exports (module stream))))","readable"
"(instance (member PassThrough (member exports (module stream))))","pipe"
"(instance (member PassThrough (member exports (module stream))))","unpipe"
"(instance (member PassThrough (member exports (module stream))))","drain"
"(instance (member PassThrough (member exports (module stream))))","newListener"
"(instance (member ReadStream (member exports (module fs))))","error"
"(instance (member ReadStream (member exports (module fs))))","data"
"(instance (member ReadStream (member exports (module fs))))","end"
"(instance (member ReadStream (member exports (module fs))))","open"
"(instance (member ReadStream (member exports (module fs))))","pause"
"(instance (member ReadStream (member exports (module fs))))","readable"
"(instance (member Readable (member Readable (member exports (module stream)))))","error"
"(instance (member Readable (member Readable (member exports (module stream)))))","removeListener"
"(instance (member Readable (member Readable (member exports (module stream)))))","data"
"(instance (member Readable (member Readable (member exports (module stream)))))","end"
"(instance (member Readable (member Readable (member exports (module stream)))))","close"
"(instance (member Readable (member Readable (member exports (module stream)))))","resume"
"(instance (member Readable (member Readable (member exports (module stream)))))","pause"
"(instance (member Readable (member Readable (member exports (module stream)))))","readable"
"(instance (member Readable (member Readable (member exports (module stream)))))","newListener"
"(instance (member Readable (member exports (module readable-stream))))","error"
"(instance (member Readable (member exports (module readable-stream))))","removeListener"
"(instance (member Readable (member exports (module readable-stream))))","data"
"(instance (member Readable (member exports (module readable-stream))))","end"
"(instance (member Readable (member exports (module readable-stream))))","close"
"(instance (member Readable (member exports (module readable-stream))))","resume"
"(instance (member Readable (member exports (module readable-stream))))","pause"
"(instance (member Readable (member exports (module readable-stream))))","readable"
"(instance (member Readable (member exports (module readable-stream))))","newListener"
"(instance (member Readable (member exports (module stream))))","error"
"(instance (member Readable (member exports (module stream))))","removeListener"
"(instance (member Readable (member exports (module stream))))","data"
"(instance (member Readable (member exports (module stream))))","end"
"(instance (member Readable (member exports (module stream))))","close"
"(instance (member Readable (member exports (module stream))))","resume"
"(instance (member Readable (member exports (module stream))))","pause"
"(instance (member Readable (member exports (module stream))))","readable"
"(instance (member Readable (member exports (module stream))))","newListener"
"(instance (member Readable (member exports (module streamx))))","error"
"(instance (member Readable (member exports (module streamx))))","removeListener"
"(instance (member Readable (member exports (module streamx))))","data"
"(instance (member Readable (member exports (module streamx))))","end"
"(instance (member Readable (member exports (module streamx))))","close"
"(instance (member Readable (member exports (module streamx))))","resume"
"(instance (member Readable (member exports (module streamx))))","pause"
"(instance (member Readable (member exports (module streamx))))","readable"
"(instance (member Readable (member exports (module streamx))))","newListener"
"(instance (member Server (member exports (module tls))))","error"
"(instance (member Server (member exports (module tls))))","close"
"(instance (member Server (member exports (module tls))))","secureConnection"
"(instance (member Server (member exports (module ws))))","error"
"(instance (member Server (member exports (module ws))))","close"
"(instance (member Server (member exports (module ws))))","headers"
"(instance (member Server (member exports (module ws))))","listening"
"(instance (member Server (member exports (module ws))))","connection"
"(instance (member Socket (member exports (module net))))","ready"
"(instance (member Socket (member exports (module net))))","error"
"(instance (member Socket (member exports (module net))))","data"
"(instance (member Socket (member exports (module net))))","end"
"(instance (member Socket (member exports (module net))))","close"
"(instance (member Socket (member exports (module net))))","resume"
"(instance (member Socket (member exports (module net))))","timeout"
"(instance (member Socket (member exports (module net))))","pause"
"(instance (member Socket (member exports (module net))))","finish"
"(instance (member Socket (member exports (module net))))","connect"
"(instance (member Socket (member exports (module net))))","readable"
"(instance (member Socket (member exports (module net))))","lookup"
"(instance (member Socket (member exports (module net))))","drain"
"(instance (member Socket (member exports (module net))))","newListener"
"(instance (member Socket (member exports (module socket.io-client))))","error"
"(instance (member Socket (member exports (module socket.io-client))))","connect"
"(instance (member Socket (parameter -1 (member isIP (return (member binding (member exports (module process))))))))","end"
"(instance (member Socket (parameter -1 (member isIP (return (member binding (member exports (module process))))))))","close"
"(instance (member Socket (parameter -1 (member isIP (return (member binding (member exports (module process))))))))","timeout"
"(instance (member Socket (parameter -1 (member isIP (return (member binding (member exports (module process))))))))","finish"
"(instance (member Socket (parameter -1 (member isIP (return (member binding (member exports (module process))))))))","connect"
"(instance (member TLSSocket (member exports (module tls))))","error"
"(instance (member TLSSocket (member exports (module tls))))","data"
"(instance (member TLSSocket (member exports (module tls))))","end"
"(instance (member TLSSocket (member exports (module tls))))","close"
"(instance (member TLSSocket (member exports (module tls))))","timeout"
"(instance (member TLSSocket (member exports (module tls))))","connect"
"(instance (member TLSSocket (member exports (module tls))))","readable"
"(instance (member TLSSocket (member exports (module tls))))","drain"
"(instance (member TLSSocket (member exports (module tls))))","secureConnect"
"(instance (member Transform (member exports (module readable-stream))))","error"
"(instance (member Transform (member exports (module readable-stream))))","data"
"(instance (member Transform (member exports (module readable-stream))))","end"
"(instance (member Transform (member exports (module readable-stream))))","close"
"(instance (member Transform (member exports (module readable-stream))))","finish"
"(instance (member Transform (member exports (module readable-stream))))","readable"
"(instance (member Transform (member exports (module readable-stream))))","drain"
"(instance (member Transform (member exports (module stream))))","error"
"(instance (member Transform (member exports (module stream))))","data"
"(instance (member Transform (member exports (module stream))))","end"
"(instance (member Transform (member exports (module stream))))","close"
"(instance (member Transform (member exports (module stream))))","resume"
"(instance (member Transform (member exports (module stream))))","finish"
"(instance (member Transform (member exports (module stream))))","readable"
"(instance (member Transform (member exports (module stream))))","pipe"
"(instance (member Transform (member exports (module stream))))","drain"
"(instance (member Writable (member Readable (member exports (module stream)))))","error"
"(instance (member Writable (member Readable (member exports (module stream)))))","removeListener"
"(instance (member Writable (member Readable (member exports (module stream)))))","close"
"(instance (member Writable (member Readable (member exports (module stream)))))","finish"
"(instance (member Writable (member Readable (member exports (module stream)))))","pipe"
"(instance (member Writable (member Readable (member exports (module stream)))))","unpipe"
"(instance (member Writable (member Readable (member exports (module stream)))))","drain"
"(instance (member Writable (member Readable (member exports (module stream)))))","newListener"
"(instance (member Writable (member Stream (member exports (module stream)))))","error"
"(instance (member Writable (member Stream (member exports (module stream)))))","removeListener"
"(instance (member Writable (member Stream (member exports (module stream)))))","close"
"(instance (member Writable (member Stream (member exports (module stream)))))","finish"
"(instance (member Writable (member Stream (member exports (module stream)))))","pipe"
"(instance (member Writable (member Stream (member exports (module stream)))))","unpipe"
"(instance (member Writable (member Stream (member exports (module stream)))))","drain"
"(instance (member Writable (member Stream (member exports (module stream)))))","newListener"
"(instance (member Writable (member exports (module readable-stream))))","error"
"(instance (member Writable (member exports (module readable-stream))))","removeListener"
"(instance (member Writable (member exports (module readable-stream))))","close"
"(instance (member Writable (member exports (module readable-stream))))","finish"
"(instance (member Writable (member exports (module readable-stream))))","pipe"
"(instance (member Writable (member exports (module readable-stream))))","unpipe"
"(instance (member Writable (member exports (module readable-stream))))","drain"
"(instance (member Writable (member exports (module readable-stream))))","newListener"
"(instance (member Writable (member exports (module stream))))","error"
"(instance (member Writable (member exports (module stream))))","removeListener"
"(instance (member Writable (member exports (module stream))))","close"
"(instance (member Writable (member exports (module stream))))","finish"
"(instance (member Writable (member exports (module stream))))","pipe"
"(instance (member Writable (member exports (module stream))))","unpipe"
"(instance (member Writable (member exports (module stream))))","drain"
"(instance (member Writable (member exports (module stream))))","newListener"
"(instance (member WriteStream (member exports (module fs))))","error"
"(instance (member WriteStream (member exports (module fs))))","close"
"(instance (member WriteStream (member exports (module fs))))","finish"
"(instance (member exports (module events)))","removeListener"
"(instance (member exports (module events)))","newListener"
"(instance (member exports (module readable-stream)))","error"
"(instance (member exports (module readable-stream)))","data"
"(instance (member exports (module readable-stream)))","end"
"(instance (member exports (module readable-stream)))","close"
"(instance (member exports (module readable-stream)))","resume"
"(instance (member exports (module readable-stream)))","pause"
"(instance (member exports (module readable-stream)))","readable"
"(instance (member exports (module ws)))","message"
"(instance (member exports (module ws)))","open"
"(instance (member exports (module ws)))","close"
"(instance (member exports (module ws)))","pong"
"(instance (member exports (module ws)))","ping"
"(instance (member exports (module ws)))","upgrade"
"(instance (member exports (module ws)))","unexpected-response"
"(member exports (module process))","warning"
"(member exports (module process))","message"
"(member exports (module process))","removeListener"
"(member exports (module process))","disconnect"
"(member exports (module process))","beforeExit"
"(member exports (module process))","multipleResolves"
"(member exports (module process))","newListener"
"(member exports (module process))","rejectionHandled"
"(member exports (module process))","uncaughtException"
"(member exports (module process))","unhandledRejection"
"(member process (return (member fork (member exports (module cluster)))))","error"
"(member process (return (member fork (member exports (module cluster)))))","message"
"(member process (return (member fork (member exports (module cluster)))))","close"
"(member process (return (member fork (member exports (module cluster)))))","exit"
"(member socket (instance (member IncomingMessage (member exports (module http)))))","drain"
"(member socket (parameter 0 (parameter 0 (member createServer (member exports (module http))))))","error"
"(member socket (parameter 0 (parameter 0 (member createServer (member exports (module http))))))","data"
"(member socket (parameter 0 (parameter 0 (member createServer (member exports (module http))))))","close"
"(member socket (parameter 0 (parameter 0 (member createServer (member exports (module http))))))","timeout"
"(member socket (parameter 0 (parameter 1 (member get (member exports (module http))))))","error"
"(member socket (parameter 0 (parameter 1 (member get (member exports (module http))))))","close"
"(member socket (return (member get (member exports (module http)))))","close"
"(member socket (return (member request (member exports (module http)))))","close"
"(member socket (return (member request (member exports (module https)))))","connect"
"(member sockets (instance (member exports (module socket.io))))","connection"
"(member sockets (return (member exports (module socket.io))))","connection"
"(member sockets (return (member listen (member exports (module socket.io)))))","connect"
"(member sockets (return (member listen (member exports (module socket.io)))))","connection"
"(member sockets (return (member listen (return (member exports (module socket.io))))))","connection"
"(member stderr (member exports (module process)))","error"
"(member stderr (member exports (module process)))","data"
"(member stderr (member exports (module process)))","finish"
"(member stderr (member exports (module process)))","readable"
"(member stderr (member exports (module process)))","drain"
"(member stderr (member process (return (member fork (member exports (module cluster))))))","data"
"(member stderr (return (member exec (member exports (module child_process)))))","data"
"(member stderr (return (member fork (member exports (module child_process)))))","error"
"(member stderr (return (member fork (member exports (module child_process)))))","data"
"(member stderr (return (member on (return (member fork (member exports (module child_process)))))))","data"
"(member stderr (return (member on (return (member on (return (member spawn (member exports (module child_process)))))))))","error"
"(member stderr (return (member on (return (member on (return (member spawn (member exports (module child_process)))))))))","data"
"(member stderr (return (member on (return (member on (return (member spawn (member exports (module child_process)))))))))","readable"
"(member stderr (return (member on (return (member spawn (member exports (module child_process)))))))","data"
"(member stderr (return (member spawn (member exports (module child_process)))))","error"
"(member stderr (return (member spawn (member exports (module child_process)))))","data"
"(member stderr (return (member spawn (member exports (module child_process)))))","end"
"(member stderr (return (member spawn (member exports (module child_process)))))","close"
"(member stderr (return (member spawn (member exports (module child_process)))))","readable"
"(member stdin (member exports (module process)))","error"
"(member stdin (member exports (module process)))","data"
"(member stdin (member exports (module process)))","end"
"(member stdin (member exports (module process)))","close"
"(member stdin (member exports (module process)))","resume"
"(member stdin (member exports (module process)))","pause"
"(member stdin (member exports (module process)))","finish"
"(member stdin (member exports (module process)))","readable"
"(member stdin (member exports (module process)))","drain"
"(member stdin (member exports (module process)))","newListener"
"(member stdin (return (member exec (member exports (module child_process)))))","error"
"(member stdin (return (member exec (member exports (module child_process)))))","drain"
"(member stdin (return (member fork (member exports (module child_process)))))","error"
"(member stdin (return (member on (return (member on (return (member spawn (member exports (module child_process)))))))))","error"
"(member stdin (return (member on (return (member on (return (member spawn (member exports (module child_process)))))))))","drain"
"(member stdin (return (member on (return (member spawn (member exports (module child_process)))))))","error"
"(member stdin (return (member spawn (member exports (module child_process)))))","error"
"(member stdin (return (member spawn (member exports (module child_process)))))","close"
"(member stdin (return (member spawn (member exports (module child_process)))))","finish"
"(member stdin (return (member spawn (member exports (module child_process)))))","drain"
"(member stdout (member exports (module process)))","error"
"(member stdout (member exports (module process)))","data"
"(member stdout (member exports (module process)))","end"
"(member stdout (member exports (module process)))","close"
"(member stdout (member exports (module process)))","finish"
"(member stdout (member exports (module process)))","readable"
"(member stdout (member exports (module process)))","pipe"
"(member stdout (member exports (module process)))","unpipe"
"(member stdout (member exports (module process)))","drain"
"(member stdout (member process (return (member fork (member exports (module cluster))))))","data"
"(member stdout (return (member exec (member exports (module child_process)))))","error"
"(member stdout (return (member exec (member exports (module child_process)))))","data"
"(member stdout (return (member exec (member exports (module child_process)))))","end"
"(member stdout (return (member exec (member exports (module child_process)))))","close"
"(member stdout (return (member fork (member exports (module child_process)))))","error"
"(member stdout (return (member fork (member exports (module child_process)))))","data"
"(member stdout (return (member fork (member exports (module child_process)))))","end"
"(member stdout (return (member fork (member exports (module child_process)))))","close"
"(member stdout (return (member on (return (member exec (member exports (module child_process)))))))","data"
"(member stdout (return (member on (return (member on (return (member spawn (member exports (module child_process)))))))))","error"
"(member stdout (return (member on (return (member on (return (member spawn (member exports (module child_process)))))))))","data"
"(member stdout (return (member on (return (member on (return (member spawn (member exports (module child_process)))))))))","end"
"(member stdout (return (member on (return (member on (return (member spawn (member exports (module child_process)))))))))","readable"
"(member stdout (return (member on (return (member spawn (member exports (module child_process)))))))","data"
"(member stdout (return (member on (return (member spawn (member exports (module child_process)))))))","end"
"(member stdout (return (member spawn (member exports (module child_process)))))","error"
"(member stdout (return (member spawn (member exports (module child_process)))))","data"
"(member stdout (return (member spawn (member exports (module child_process)))))","end"
"(member stdout (return (member spawn (member exports (module child_process)))))","close"
"(member stdout (return (member spawn (member exports (module child_process)))))","readable"
"(parameter -1 (member Server (member exports (module https))))","error"
"(parameter -1 (member Server (member exports (module https))))","request"
"(parameter -1 (member Server (member exports (module https))))","listening"
"(parameter -1 (member pipe (instance (member exports (module readable-stream)))))","data"
"(parameter -1 (member pipe (instance (member exports (module readable-stream)))))","end"
"(parameter -1 (member pipe (instance (member exports (module readable-stream)))))","readable"
"(parameter -1 (parameter 1 (member connect (member exports (module net)))))","error"
"(parameter -1 (parameter 1 (member connect (member exports (module net)))))","data"
"(parameter -1 (parameter 1 (member connect (member exports (module net)))))","end"
"(parameter -1 (parameter 1 (member connect (member exports (module net)))))","close"
"(parameter -1 (parameter 1 (member connect (member exports (module net)))))","timeout"
"(parameter 0 (parameter 0 (member createServer (member exports (module http)))))","error"
"(parameter 0 (parameter 0 (member createServer (member exports (module http)))))","data"
"(parameter 0 (parameter 0 (member createServer (member exports (module http)))))","end"
"(parameter 0 (parameter 0 (member createServer (member exports (module http)))))","close"
"(parameter 0 (parameter 0 (member createServer (member exports (module http)))))","readable"
"(parameter 0 (parameter 0 (member createServer (member exports (module http)))))","aborted"
"(parameter 0 (parameter 0 (member createServer (member exports (module http2)))))","end"
"(parameter 0 (parameter 0 (member createServer (member exports (module net)))))","ready"
"(parameter 0 (parameter 0 (member createServer (member exports (module net)))))","error"
"(parameter 0 (parameter 0 (member createServer (member exports (module net)))))","data"
"(parameter 0 (parameter 0 (member createServer (member exports (module net)))))","end"
"(parameter 0 (parameter 0 (member createServer (member exports (module net)))))","close"
"(parameter 0 (parameter 0 (member createServer (member exports (module net)))))","timeout"
"(parameter 0 (parameter 0 (member createServer (member exports (module net)))))","finish"
"(parameter 0 (parameter 0 (member createServer (member exports (module net)))))","connect"
"(parameter 0 (parameter 0 (member createServer (member exports (module net)))))","readable"
"(parameter 0 (parameter 0 (member createServer (member exports (module net)))))","drain"
"(parameter 0 (parameter 1 (member get (member exports (module http)))))","error"
"(parameter 0 (parameter 1 (member get (member exports (module http)))))","data"
"(parameter 0 (parameter 1 (member get (member exports (module http)))))","end"
"(parameter 0 (parameter 1 (member get (member exports (module http)))))","close"
"(parameter 0 (parameter 1 (member get (member exports (module http)))))","readable"
"(parameter 0 (parameter 1 (member get (member exports (module http)))))","aborted"
"(parameter 0 (parameter 1 (member get (member exports (module https)))))","error"
"(parameter 0 (parameter 1 (member get (member exports (module https)))))","data"
"(parameter 0 (parameter 1 (member get (member exports (module https)))))","end"
"(parameter 0 (parameter 1 (member get (member exports (module https)))))","close"
"(parameter 0 (parameter 1 (member get (member exports (module https)))))","readable"
"(parameter 0 (parameter 1 (member get (member exports (module https)))))","aborted"
"(parameter 0 (parameter 1 (member request (member exports (module http)))))","error"
"(parameter 0 (parameter 1 (member request (member exports (module http)))))","data"
"(parameter 0 (parameter 1 (member request (member exports (module http)))))","end"
"(parameter 0 (parameter 1 (member request (member exports (module http)))))","close"
"(parameter 0 (parameter 1 (member request (member exports (module http)))))","readable"
"(parameter 0 (parameter 1 (member request (member exports (module http)))))","aborted"
"(parameter 0 (parameter 1 (member request (member exports (module https)))))","error"
"(parameter 0 (parameter 1 (member request (member exports (module https)))))","data"
"(parameter 0 (parameter 1 (member request (member exports (module https)))))","end"
"(parameter 0 (parameter 1 (member request (member exports (module https)))))","close"
"(parameter 0 (parameter 1 (member request (member exports (module https)))))","readable"
"(parameter 0 (parameter 3 (member handleUpgrade (instance (member Server (member exports (module ws)))))))","message"
"(parameter 0 (parameter 3 (member handleUpgrade (instance (member Server (member exports (module ws)))))))","open"
"(parameter 0 (parameter 3 (member handleUpgrade (instance (member Server (member exports (module ws)))))))","close"
"(parameter 0 (parameter 3 (member handleUpgrade (instance (member Server (member exports (module ws)))))))","pong"
"(parameter 0 (parameter 3 (member handleUpgrade (instance (member Server (member exports (module ws)))))))","ping"
"(parameter 1 (member handleUpgrade (instance (member Server (member exports (module ws))))))","error"
"(parameter 1 (member handleUpgrade (instance (member Server (member exports (module ws))))))","data"
"(parameter 1 (member handleUpgrade (instance (member Server (member exports (module ws))))))","end"
"(parameter 1 (member handleUpgrade (instance (member Server (member exports (module ws))))))","close"
"(return (member Duplex (member exports (module stream))))","finish"
"(return (member Manager (member exports (module socket.io-client))))","connect_error"
"(return (member Manager (member exports (module socket.io-client))))","reconnect_attempt"
"(return (member Manager (member exports (module socket.io-client))))","reconnect_failed"
"(return (member PassThrough (member exports (module stream))))","error"
"(return (member PassThrough (member exports (module stream))))","data"
"(return (member PassThrough (member exports (module stream))))","end"
"(return (member PassThrough (member exports (module stream))))","close"
"(return (member PassThrough (member exports (module stream))))","finish"
"(return (member PassThrough (member exports (module stream))))","readable"
"(return (member PassThrough (member exports (module stream))))","pipe"
"(return (member PassThrough (member exports (module stream))))","unpipe"
"(return (member PassThrough (member exports (module stream))))","drain"
"(return (member ReadStream (member exports (module fs))))","error"
"(return (member ReadStream (member exports (module fs))))","data"
"(return (member ReadStream (member exports (module fs))))","end"
"(return (member ReadStream (member exports (module fs))))","open"
"(return (member ReadStream (member exports (module fs))))","close"
"(return (member Readable (member exports (module readable-stream))))","data"
"(return (member Readable (member exports (module stream))))","error"
"(return (member Readable (member exports (module stream))))","data"
"(return (member Readable (member exports (module stream))))","end"
"(return (member Readable (member exports (module stream))))","resume"
"(return (member Readable (member exports (module stream))))","pause"
"(return (member Readable (member exports (module stream))))","readable"
"(return (member Server (member exports (module tls))))","close"
"(return (member Server (member exports (module ws))))","connection"
"(return (member Socket (member exports (module net))))","ready"
"(return (member Socket (member exports (module net))))","error"
"(return (member Socket (member exports (module net))))","data"
"(return (member Socket (member exports (module net))))","end"
"(return (member Socket (member exports (module net))))","close"
"(return (member Socket (member exports (module net))))","timeout"
"(return (member Socket (member exports (module net))))","connect"
"(return (member Socket (member exports (module net))))","readable"
"(return (member Transform (member exports (module readable-stream))))","error"
"(return (member Transform (member exports (module readable-stream))))","data"
"(return (member Transform (member exports (module readable-stream))))","end"
"(return (member Transform (member exports (module stream))))","error"
"(return (member Transform (member exports (module stream))))","end"
"(return (member Transform (member exports (module stream))))","finish"
"(return (member Transform (member exports (module stream))))","readable"
"(return (member Writable (member exports (module readable-stream))))","error"
"(return (member Writable (member exports (module stream))))","error"
"(return (member Writable (member exports (module stream))))","finish"
"(return (member Writable (member exports (module stream))))","unpipe"
"(return (member WriteStream (member exports (module fs))))","error"
"(return (member WriteStream (member exports (module fs))))","open"
"(return (member WriteStream (member exports (module fs))))","close"
"(return (member connect (instance (member Socket (member exports (module net))))))","error"
"(return (member connect (instance (member Socket (member exports (module net))))))","data"
"(return (member connect (instance (member Socket (member exports (module net))))))","close"
"(return (member connect (instance (member Socket (member exports (module net))))))","timeout"
"(return (member connect (instance (member Socket (member exports (module net))))))","connect"
"(return (member connect (instance (member Socket (parameter -1 (member isIP (return (member binding (member exports (module process))))))))))","close"
"(return (member connect (member exports (module http2))))","origin"
"(return (member connect (member exports (module http2))))","altsvc"
"(return (member connect (member exports (module net))))","ready"
"(return (member connect (member exports (module net))))","error"
"(return (member connect (member exports (module net))))","data"
"(return (member connect (member exports (module net))))","end"
"(return (member connect (member exports (module net))))","close"
"(return (member connect (member exports (module net))))","timeout"
"(return (member connect (member exports (module net))))","finish"
"(return (member connect (member exports (module net))))","connect"
"(return (member connect (member exports (module net))))","readable"
"(return (member connect (member exports (module net))))","lookup"
"(return (member connect (member exports (module net))))","drain"
"(return (member connect (member exports (module tls))))","error"
"(return (member connect (member exports (module tls))))","data"
"(return (member connect (member exports (module tls))))","end"
"(return (member connect (member exports (module tls))))","close"
"(return (member connect (member exports (module tls))))","session"
"(return (member connect (member exports (module tls))))","timeout"
"(return (member connect (member exports (module tls))))","finish"
"(return (member connect (member exports (module tls))))","connect"
"(return (member connect (member exports (module tls))))","readable"
"(return (member connect (member exports (module tls))))","OCSPResponse"
"(return (member connect (member exports (module tls))))","drain"
"(return (member connect (member exports (module tls))))","keylog"
"(return (member connect (member exports (module tls))))","secureConnect"
"(return (member createBrotliCompress (member exports (module zlib))))","error"
"(return (member createBrotliCompress (member exports (module zlib))))","data"
"(return (member createBrotliDecompress (member exports (module zlib))))","error"
"(return (member createBrotliDecompress (member exports (module zlib))))","data"
"(return (member createDeflate (member exports (module zlib))))","error"
"(return (member createDeflate (member exports (module zlib))))","data"
"(return (member createDeflate (member exports (module zlib))))","end"
"(return (member createDeflate (member exports (module zlib))))","finish"
"(return (member createDeflate (member exports (module zlib))))","drain"
"(return (member createDeflateRaw (member exports (module zlib))))","error"
"(return (member createDeflateRaw (member exports (module zlib))))","data"
"(return (member createDeflateRaw (member exports (module zlib))))","end"
"(return (member createDeflateRaw (member exports (module zlib))))","drain"
"(return (member createGunzip (member exports (module zlib))))","error"
"(return (member createGunzip (member exports (module zlib))))","data"
"(return (member createGunzip (member exports (module zlib))))","end"
"(return (member createGunzip (member exports (module zlib))))","close"
"(return (member createGunzip (member exports (module zlib))))","finish"
"(return (member createGunzip (member exports (module zlib))))","readable"
"(return (member createGzip (member exports (module zlib))))","error"
"(return (member createGzip (member exports (module zlib))))","data"
"(return (member createGzip (member exports (module zlib))))","end"
"(return (member createGzip (member exports (module zlib))))","close"
"(return (member createGzip (member exports (module zlib))))","finish"
"(return (member createGzip (member exports (module zlib))))","drain"
"(return (member createInflate (member exports (module zlib))))","error"
"(return (member createInflate (member exports (module zlib))))","data"
"(return (member createInflate (member exports (module zlib))))","end"
"(return (member createInflate (member exports (module zlib))))","close"
"(return (member createInflate (member exports (module zlib))))","finish"
"(return (member createInflate (member exports (module zlib))))","readable"
"(return (member createInflateRaw (member exports (module zlib))))","error"
"(return (member createInflateRaw (member exports (module zlib))))","data"
"(return (member createInflateRaw (member exports (module zlib))))","end"
"(return (member createInterface (member exports (module readline))))","close"
"(return (member createInterface (member exports (module readline))))","resume"
"(return (member createInterface (member exports (module readline))))","pause"
"(return (member createInterface (member exports (module readline))))","line"
"(return (member createInterface (member exports (module readline))))","SIGINT"
"(return (member createInterface (member exports (module readline))))","SIGCONT"
"(return (member createInterface (member exports (module readline))))","SIGTSTP"
"(return (member createReadStream (member exports (module fs))))","ready"
"(return (member createReadStream (member exports (module fs))))","error"
"(return (member createReadStream (member exports (module fs))))","data"
"(return (member createReadStream (member exports (module fs))))","end"
"(return (member createReadStream (member exports (module fs))))","open"
"(return (member createReadStream (member exports (module fs))))","close"
"(return (member createReadStream (member exports (module fs))))","readable"
"(return (member createSecureServer (member exports (module http2))))","error"
"(return (member createSecureServer (member exports (module http2))))","request"
"(return (member createSecureServer (member exports (module http2))))","close"
"(return (member createSecureServer (member exports (module http2))))","session"
"(return (member createSecureServer (member exports (module http2))))","stream"
"(return (member createSecureServer (member exports (module http2))))","timeout"
"(return (member createSecureServer (member exports (module http2))))","listening"
"(return (member createSecureServer (member exports (module http2))))","connection"
"(return (member createSecureServer (member exports (module http2))))","checkContinue"
"(return (member createSecureServer (member exports (module http2))))","secureConnection"
"(return (member createSecureServer (member exports (module http2))))","unknownProtocol"
"(return (member createServer (member exports (module http))))","error"
"(return (member createServer (member exports (module http))))","request"
"(return (member createServer (member exports (module http))))","close"
"(return (member createServer (member exports (module http))))","connect"
"(return (member createServer (member exports (module http))))","upgrade"
"(return (member createServer (member exports (module http))))","listening"
"(return (member createServer (member exports (module http))))","connection"
"(return (member createServer (member exports (module http))))","checkContinue"
"(return (member createServer (member exports (module http))))","checkExpectation"
"(return (member createServer (member exports (module http))))","clientError"
"(return (member createServer (member exports (module http))))","newListener"
"(return (member createServer (member exports (module http2))))","error"
"(return (member createServer (member exports (module http2))))","request"
"(return (member createServer (member exports (module http2))))","close"
"(return (member createServer (member exports (module http2))))","session"
"(return (member createServer (member exports (module http2))))","stream"
"(return (member createServer (member exports (module http2))))","timeout"
"(return (member createServer (member exports (module http2))))","listening"
"(return (member createServer (member exports (module http2))))","connection"
"(return (member createServer (member exports (module http2))))","checkContinue"
"(return (member createServer (member exports (module https))))","error"
"(return (member createServer (member exports (module https))))","request"
"(return (member createServer (member exports (module https))))","close"
"(return (member createServer (member exports (module https))))","connect"
"(return (member createServer (member exports (module https))))","upgrade"
"(return (member createServer (member exports (module https))))","listening"
"(return (member createServer (member exports (module https))))","connection"
"(return (member createServer (member exports (module https))))","checkContinue"
"(return (member createServer (member exports (module https))))","checkExpectation"
"(return (member createServer (member exports (module https))))","clientError"
"(return (member createServer (member exports (module net))))","error"
"(return (member createServer (member exports (module net))))","close"
"(return (member createServer (member exports (module net))))","listening"
"(return (member createServer (member exports (module net))))","connection"
"(return (member createServer (member exports (module tls))))","error"
"(return (member createServer (member exports (module tls))))","close"
"(return (member createServer (member exports (module tls))))","listening"
"(return (member createServer (member exports (module tls))))","connection"
"(return (member createServer (member exports (module tls))))","OCSPRequest"
"(return (member createServer (member exports (module tls))))","newSession"
"(return (member createServer (member exports (module tls))))","resumeSession"
"(return (member createServer (member exports (module tls))))","secureConnection"
"(return (member createServer (member exports (module tls))))","tlsClientError"
"(return (member createUnzip (member exports (module zlib))))","error"
"(return (member createUnzip (member exports (module zlib))))","data"
"(return (member createUnzip (member exports (module zlib))))","end"
"(return (member createWriteStream (member exports (module fs))))","ready"
"(return (member createWriteStream (member exports (module fs))))","error"
"(return (member createWriteStream (member exports (module fs))))","open"
"(return (member createWriteStream (member exports (module fs))))","close"
"(return (member createWriteStream (member exports (module fs))))","finish"
"(return (member createWriteStream (member exports (module fs))))","pipe"
"(return (member createWriteStream (member exports (module fs))))","unpipe"
"(return (member createWriteStream (member exports (module fs))))","drain"
"(return (member exec (member exports (module child_process))))","error"
"(return (member exec (member exports (module child_process))))","message"
"(return (member exec (member exports (module child_process))))","close"
"(return (member exec (member exports (module child_process))))","exit"
"(return (member exec (member exports (module child_process))))","disconnect"
"(return (member exports (module socket.io-client)))","error"
"(return (member exports (module socket.io-client)))","pong"
"(return (member exports (module socket.io-client)))","ping"
"(return (member exports (module socket.io-client)))","connect"
"(return (member exports (module socket.io-client)))","disconnect"
"(return (member exports (module socket.io-client)))","connect_error"
"(return (member exports (module socket.io-client)))","connect_timeout"
"(return (member exports (module socket.io-client)))","reconnect"
"(return (member exports (module socket.io-client)))","reconnect_attempt"
"(return (member exports (module socket.io-client)))","reconnect_error"
"(return (member exports (module socket.io-client)))","reconnect_failed"
"(return (member exports (module socket.io-client)))","reconnecting"
"(return (member fork (member exports (module child_process))))","error"
"(return (member fork (member exports (module child_process))))","message"
"(return (member fork (member exports (module child_process))))","removeListener"
"(return (member fork (member exports (module child_process))))","close"
"(return (member fork (member exports (module child_process))))","exit"
"(return (member fork (member exports (module child_process))))","disconnect"
"(return (member fork (member exports (module child_process))))","newListener"
"(return (member fork (member exports (module cluster))))","error"
"(return (member fork (member exports (module cluster))))","message"
"(return (member fork (member exports (module cluster))))","exit"
"(return (member fork (member exports (module cluster))))","online"
"(return (member fork (member exports (module cluster))))","disconnect"
"(return (member fork (member exports (module cluster))))","listening"
"(return (member get (member exports (module http))))","error"
"(return (member get (member exports (module http))))","response"
"(return (member get (member exports (module http))))","close"
"(return (member get (member exports (module http))))","timeout"
"(return (member get (member exports (module http))))","abort"
"(return (member get (member exports (module http))))","finish"
"(return (member get (member exports (module http))))","upgrade"
"(return (member get (member exports (module http))))","socket"
"(return (member get (member exports (module https))))","error"
"(return (member get (member exports (module https))))","response"
"(return (member get (member exports (module https))))","close"
"(return (member get (member exports (module https))))","timeout"
"(return (member get (member exports (module https))))","abort"
"(return (member get (member exports (module https))))","finish"
"(return (member get (member exports (module https))))","socket"
"(return (member listen (return (member createServer (member exports (module net))))))","error"
"(return (member listen (return (member createServer (member exports (module net))))))","close"
"(return (member listen (return (member createServer (member exports (module net))))))","listening"
"(return (member listen (return (member createServer (member exports (module net))))))","connection"
"(return (member listen (return (member createServer (member exports (module tls))))))","close"
"(return (member listen (return (member createServer (member exports (module tls))))))","connection"
"(return (member listen (return (member createServer (member exports (module tls))))))","keylog"
"(return (member listen (return (member createServer (member exports (module tls))))))","secureConnection"
"(return (member listen (return (member createServer (member exports (module tls))))))","tlsClientError"
"(return (member listen (return (member once (return (member once (return (member createServer (member exports (module net))))))))))","close"
"(return (member of (instance (member exports (module socket.io)))))","connection"
"(return (member of (return (member exports (module socket.io)))))","connect"
"(return (member of (return (member exports (module socket.io)))))","connection"
"(return (member of (return (member listen (member exports (module socket.io))))))","connect"
"(return (member of (return (member listen (member exports (module socket.io))))))","connection"
"(return (member off (return (member get (member exports (module http))))))","abort"
"(return (member on (instance (member ClientRequest (member exports (module http))))))","error"
"(return (member on (instance (member Duplex (member exports (module readable-stream))))))","data"
"(return (member on (instance (member Duplex (member exports (module readable-stream))))))","end"
"(return (member on (instance (member Duplex (member exports (module stream))))))","error"
"(return (member on (instance (member Duplex (member exports (module stream))))))","data"
"(return (member on (instance (member Duplex (member exports (module stream))))))","end"
"(return (member on (instance (member Duplex (member exports (module stream))))))","close"
"(return (member on (instance (member Duplex (member exports (module stream))))))","pipe"
"(return (member on (instance (member IncomingMessage (member exports (module http))))))","end"
"(return (member on (instance (member PassThrough (member exports (module readable-stream))))))","error"
"(return (member on (instance (member PassThrough (member exports (module readable-stream))))))","finish"
"(return (member on (instance (member PassThrough (member exports (module stream))))))","error"
"(return (member on (instance (member PassThrough (member exports (module stream))))))","data"
"(return (member on (instance (member PassThrough (member exports (module stream))))))","end"
"(return (member on (instance (member PassThrough (member exports (module stream))))))","finish"
"(return (member on (instance (member ReadStream (member exports (module fs))))))","close"
"(return (member on (instance (member Readable (member exports (module readable-stream))))))","error"
"(return (member on (instance (member Readable (member exports (module readable-stream))))))","end"
"(return (member on (instance (member Readable (member exports (module stream))))))","error"
"(return (member on (instance (member Readable (member exports (module stream))))))","end"
"(return (member on (instance (member Server (member exports (module ws))))))","error"
"(return (member on (instance (member Server (member exports (module ws))))))","connection"
"(return (member on (instance (member Socket (member exports (module net))))))","error"
"(return (member on (instance (member Socket (member exports (module net))))))","data"
"(return (member on (instance (member Socket (member exports (module net))))))","end"
"(return (member on (instance (member Socket (member exports (module net))))))","close"
"(return (member on (instance (member Socket (member exports (module net))))))","timeout"
"(return (member on (instance (member Socket (member exports (module net))))))","connect"
"(return (member on (instance (member Socket (member exports (module socket.io-client))))))","error"
"(return (member on (instance (member Transform (member exports (module stream))))))","error"
"(return (member on (instance (member Transform (member exports (module stream))))))","data"
"(return (member on (instance (member Transform (member exports (module stream))))))","end"
"(return (member on (instance (member Transform (member exports (module stream))))))","finish"
"(return (member on (instance (member Writable (member exports (module stream))))))","finish"
"(return (member on (instance (member Writable (member exports (module stream))))))","drain"
"(return (member on (instance (member exports (module readable-stream)))))","end"
"(return (member on (instance (member exports (module ws)))))","message"
"(return (member on (instance (member exports (module ws)))))","open"
"(return (member on (instance (member exports (module ws)))))","close"
"(return (member on (member exports (module process))))","uncaughtException"
"(return (member on (member exports (module process))))","unhandledRejection"
"(return (member on (member stderr (member exports (module process)))))","end"
"(return (member on (member stderr (return (member on (return (member on (return (member spawn (member exports (module child_process)))))))))))","end"
"(return (member on (member stderr (return (member spawn (member exports (module child_process)))))))","data"
"(return (member on (member stderr (return (member spawn (member exports (module child_process)))))))","end"
"(return (member on (member stderr (return (member spawn (member exports (module child_process)))))))","close"
"(return (member on (member stdin (member exports (module process)))))","error"
"(return (member on (member stdin (member exports (module process)))))","data"
"(return (member on (member stdin (member exports (module process)))))","end"
"(return (member on (member stdin (member exports (module process)))))","close"
"(return (member on (member stdin (return (member spawn (member exports (module child_process)))))))","close"
"(return (member on (member stdout (member exports (module process)))))","error"
"(return (member on (member stdout (member exports (module process)))))","finish"
"(return (member on (member stdout (return (member on (return (member on (return (member spawn (member exports (module child_process)))))))))))","data"
"(return (member on (member stdout (return (member spawn (member exports (module child_process)))))))","error"
"(return (member on (member stdout (return (member spawn (member exports (module child_process)))))))","data"
"(return (member on (member stdout (return (member spawn (member exports (module child_process)))))))","end"
"(return (member on (member stdout (return (member spawn (member exports (module child_process)))))))","close"
"(return (member on (parameter 0 (parameter 0 (member createServer (member exports (module http)))))))","error"
"(return (member on (parameter 0 (parameter 0 (member createServer (member exports (module http)))))))","data"
"(return (member on (parameter 0 (parameter 0 (member createServer (member exports (module http)))))))","end"
"(return (member on (parameter 0 (parameter 0 (member createServer (member exports (module http)))))))","close"
"(return (member on (parameter 0 (parameter 0 (member createServer (member exports (module http)))))))","aborted"
"(return (member on (parameter 0 (parameter 0 (member createServer (member exports (module net)))))))","error"
"(return (member on (parameter 0 (parameter 0 (member createServer (member exports (module net)))))))","end"
"(return (member on (parameter 0 (parameter 0 (member createServer (member exports (module net)))))))","close"
"(return (member on (parameter 0 (parameter 1 (member get (member exports (module http)))))))","error"
"(return (member on (parameter 0 (parameter 1 (member get (member exports (module http)))))))","end"
"(return (member on (parameter 0 (parameter 1 (member get (member exports (module https)))))))","error"
"(return (member on (parameter 0 (parameter 1 (member get (member exports (module https)))))))","data"
"(return (member on (parameter 0 (parameter 1 (member get (member exports (module https)))))))","end"
"(return (member on (parameter 0 (parameter 1 (member request (member exports (module http)))))))","error"
"(return (member on (parameter 0 (parameter 1 (member request (member exports (module http)))))))","end"
"(return (member on (parameter 0 (parameter 1 (member request (member exports (module https)))))))","error"
"(return (member on (parameter 0 (parameter 1 (member request (member exports (module https)))))))","end"
"(return (member on (return (member PassThrough (member exports (module stream))))))","error"
"(return (member on (return (member PassThrough (member exports (module stream))))))","data"
"(return (member on (return (member PassThrough (member exports (module stream))))))","end"
"(return (member on (return (member ReadStream (member exports (module fs))))))","end"
"(return (member on (return (member Readable (member exports (module stream))))))","end"
"(return (member on (return (member Transform (member exports (module stream))))))","error"
"(return (member on (return (member connect (instance (member Socket (member exports (module net))))))))","error"
"(return (member on (return (member connect (instance (member Socket (member exports (module net))))))))","data"
"(return (member on (return (member connect (member exports (module net))))))","error"
"(return (member on (return (member connect (member exports (module net))))))","data"
"(return (member on (return (member connect (member exports (module net))))))","end"
"(return (member on (return (member connect (member exports (module net))))))","close"
"(return (member on (return (member connect (member exports (module net))))))","timeout"
"(return (member on (return (member connect (member exports (module net))))))","connect"
"(return (member on (return (member connect (member exports (module tls))))))","error"
"(return (member on (return (member connect (member exports (module tls))))))","data"
"(return (member on (return (member connect (member exports (module tls))))))","end"
"(return (member on (return (member connect (member exports (module tls))))))","close"
"(return (member on (return (member connect (member exports (module tls))))))","session"
"(return (member on (return (member createBrotliCompress (member exports (module zlib))))))","error"
"(return (member on (return (member createBrotliDecompress (member exports (module zlib))))))","error"
"(return (member on (return (member createDeflate (member exports (module zlib))))))","end"
"(return (member on (return (member createDeflateRaw (member exports (module zlib))))))","error"
"(return (member on (return (member createDeflateRaw (member exports (module zlib))))))","data"
"(return (member on (return (member createDeflateRaw (member exports (module zlib))))))","close"
"(return (member on (return (member createGunzip (member exports (module zlib))))))","error"
"(return (member on (return (member createGunzip (member exports (module zlib))))))","data"
"(return (member on (return (member createGunzip (member exports (module zlib))))))","end"
"(return (member on (return (member createGzip (member exports (module zlib))))))","error"
"(return (member on (return (member createInflate (member exports (module zlib))))))","data"
"(return (member on (return (member createInflate (member exports (module zlib))))))","end"
"(return (member on (return (member createInflateRaw (member exports (module zlib))))))","data"
"(return (member on (return (member createInflateRaw (member exports (module zlib))))))","close"
"(return (member on (return (member createInterface (member exports (module readline))))))","close"
"(return (member on (return (member createInterface (member exports (module readline))))))","line"
"(return (member on (return (member createInterface (member exports (module readline))))))","SIGINT"
"(return (member on (return (member createReadStream (member exports (module fs))))))","error"
"(return (member on (return (member createReadStream (member exports (module fs))))))","data"
"(return (member on (return (member createReadStream (member exports (module fs))))))","end"
"(return (member on (return (member createReadStream (member exports (module fs))))))","open"
"(return (member on (return (member createReadStream (member exports (module fs))))))","close"
"(return (member on (return (member createReadStream (member exports (module fs))))))","readable"
"(return (member on (return (member createServer (member exports (module http))))))","error"
"(return (member on (return (member createServer (member exports (module http))))))","request"
"(return (member on (return (member createServer (member exports (module http))))))","close"
"(return (member on (return (member createServer (member exports (module http))))))","connect"
"(return (member on (return (member createServer (member exports (module http))))))","upgrade"
"(return (member on (return (member createServer (member exports (module http))))))","listening"
"(return (member on (return (member createServer (member exports (module http))))))","connection"
"(return (member on (return (member createServer (member exports (module https))))))","connect"
"(return (member on (return (member createServer (member exports (module net))))))","error"
"(return (member on (return (member createServer (member exports (module net))))))","close"
"(return (member on (return (member createServer (member exports (module net))))))","listening"
"(return (member on (return (member createServer (member exports (module net))))))","connection"
"(return (member on (return (member createServer (member exports (module tls))))))","secureConnection"
"(return (member on (return (member createUnzip (member exports (module zlib))))))","data"
"(return (member on (return (member createWriteStream (member exports (module fs))))))","error"
"(return (member on (return (member createWriteStream (member exports (module fs))))))","open"
"(return (member on (return (member createWriteStream (member exports (module fs))))))","close"
"(return (member on (return (member createWriteStream (member exports (module fs))))))","finish"
"(return (member on (return (member createWriteStream (member exports (module fs))))))","pipe"
"(return (member on (return (member createWriteStream (member exports (module fs))))))","drain"
"(return (member on (return (member exec (member exports (module child_process))))))","exit"
"(return (member on (return (member exports (module socket.io-client)))))","error"
"(return (member on (return (member exports (module socket.io-client)))))","connect"
"(return (member on (return (member exports (module socket.io-client)))))","disconnect"
"(return (member on (return (member exports (module socket.io-client)))))","connect_error"
"(return (member on (return (member fork (member exports (module child_process))))))","error"
"(return (member on (return (member fork (member exports (module child_process))))))","message"
"(return (member on (return (member fork (member exports (module child_process))))))","close"
"(return (member on (return (member fork (member exports (module child_process))))))","exit"
"(return (member on (return (member fork (member exports (module cluster))))))","message"
"(return (member on (return (member fork (member exports (module cluster))))))","exit"
"(return (member on (return (member fork (member exports (module cluster))))))","disconnect"
"(return (member on (return (member fork (member exports (module cluster))))))","listening"
"(return (member on (return (member get (member exports (module http))))))","error"
"(return (member on (return (member get (member exports (module http))))))","response"
"(return (member on (return (member get (member exports (module http))))))","close"
"(return (member on (return (member get (member exports (module http))))))","timeout"
"(return (member on (return (member get (member exports (module http))))))","upgrade"
"(return (member on (return (member get (member exports (module http))))))","socket"
"(return (member on (return (member get (member exports (module https))))))","error"
"(return (member on (return (member get (member exports (module https))))))","close"
"(return (member on (return (member get (member exports (module https))))))","timeout"
"(return (member on (return (member get (member exports (module https))))))","finish"
"(return (member on (return (member get (member exports (module https))))))","socket"
"(return (member on (return (member listen (return (member createServer (member exports (module net))))))))","error"
"(return (member on (return (member listen (return (member createServer (member exports (module net))))))))","close"
"(return (member on (return (member listen (return (member createServer (member exports (module net))))))))","listening"
"(return (member on (return (member on (instance (member Duplex (member exports (module stream))))))))","finish"
"(return (member on (return (member on (instance (member PassThrough (member exports (module readable-stream))))))))","error"
"(return (member on (return (member on (instance (member PassThrough (member exports (module readable-stream))))))))","data"
"(return (member on (return (member on (instance (member PassThrough (member exports (module readable-stream))))))))","finish"
"(return (member on (return (member on (instance (member PassThrough (member exports (module stream))))))))","error"
"(return (member on (return (member on (instance (member PassThrough (member exports (module stream))))))))","data"
"(return (member on (return (member on (instance (member PassThrough (member exports (module stream))))))))","end"
"(return (member on (return (member on (instance (member PassThrough (member exports (module stream))))))))","close"
"(return (member on (return (member on (instance (member Readable (member exports (module readable-stream))))))))","end"
"(return (member on (return (member on (instance (member Readable (member exports (module stream))))))))","error"
"(return (member on (return (member on (instance (member Readable (member exports (module stream))))))))","end"
"(return (member on (return (member on (instance (member Server (member exports (module ws))))))))","listening"
"(return (member on (return (member on (instance (member Socket (member exports (module net))))))))","error"
"(return (member on (return (member on (instance (member Socket (member exports (module net))))))))","end"
"(return (member on (return (member on (instance (member Socket (member exports (module net))))))))","close"
"(return (member on (return (member on (instance (member Socket (member exports (module net))))))))","timeout"
"(return (member on (return (member on (instance (member Socket (member exports (module net))))))))","connect"
"(return (member on (return (member on (instance (member Transform (member exports (module stream))))))))","error"
"(return (member on (return (member on (instance (member Transform (member exports (module stream))))))))","end"
"(return (member on (return (member on (instance (member exports (module ws)))))))","message"
"(return (member on (return (member on (instance (member exports (module ws)))))))","close"
"(return (member on (return (member on (member exports (module process))))))","rejectionHandled"
"(return (member on (return (member on (member exports (module process))))))","uncaughtException"
"(return (member on (return (member on (member stderr (return (member spawn (member exports (module child_process)))))))))","error"
"(return (member on (return (member on (member stdin (member exports (module process)))))))","error"
"(return (member on (return (member on (member stdin (member exports (module process)))))))","end"
"(return (member on (return (member on (parameter 0 (parameter 0 (member createServer (member exports (module http)))))))))","error"
"(return (member on (return (member on (parameter 0 (parameter 0 (member createServer (member exports (module http)))))))))","data"
"(return (member on (return (member on (parameter 0 (parameter 0 (member createServer (member exports (module http)))))))))","end"
"(return (member on (return (member on (parameter 0 (parameter 0 (member createServer (member exports (module http)))))))))","aborted"
"(return (member on (return (member on (parameter 0 (parameter 0 (member createServer (member exports (module net)))))))))","close"
"(return (member on (return (member on (parameter 0 (parameter 1 (member get (member exports (module http)))))))))","error"
"(return (member on (return (member on (parameter 0 (parameter 1 (member get (member exports (module http)))))))))","data"
"(return (member on (return (member on (parameter 0 (parameter 1 (member get (member exports (module http)))))))))","end"
"(return (member on (return (member on (parameter 0 (parameter 1 (member get (member exports (module http)))))))))","close"
"(return (member on (return (member on (parameter 0 (parameter 1 (member get (member exports (module https)))))))))","error"
"(return (member on (return (member on (parameter 0 (parameter 1 (member get (member exports (module https)))))))))","end"
"(return (member on (return (member on (parameter 0 (parameter 1 (member request (member exports (module http)))))))))","error"
"(return (member on (return (member on (parameter 0 (parameter 1 (member request (member exports (module http)))))))))","end"
"(return (member on (return (member on (parameter 0 (parameter 1 (member request (member exports (module http)))))))))","close"
"(return (member on (return (member on (parameter 0 (parameter 1 (member request (member exports (module https)))))))))","error"
"(return (member on (return (member on (parameter 0 (parameter 1 (member request (member exports (module https)))))))))","end"
"(return (member on (return (member on (parameter 0 (parameter 1 (member request (member exports (module https)))))))))","close"
"(return (member on (return (member on (return (member PassThrough (member exports (module stream))))))))","end"
"(return (member on (return (member on (return (member connect (instance (member Socket (member exports (module net))))))))))","close"
"(return (member on (return (member on (return (member connect (member exports (module net))))))))","error"
"(return (member on (return (member on (return (member connect (member exports (module net))))))))","data"
"(return (member on (return (member on (return (member connect (member exports (module net))))))))","end"
"(return (member on (return (member on (return (member connect (member exports (module net))))))))","close"
"(return (member on (return (member on (return (member connect (member exports (module net))))))))","connect"
"(return (member on (return (member on (return (member connect (member exports (module tls))))))))","end"
"(return (member on (return (member on (return (member connect (member exports (module tls))))))))","close"
"(return (member on (return (member on (return (member createBrotliCompress (member exports (module zlib))))))))","end"
"(return (member on (return (member on (return (member createBrotliDecompress (member exports (module zlib))))))))","end"
"(return (member on (return (member on (return (member createDeflateRaw (member exports (module zlib))))))))","end"
"(return (member on (return (member on (return (member createGunzip (member exports (module zlib))))))))","error"
"(return (member on (return (member on (return (member createGunzip (member exports (module zlib))))))))","end"
"(return (member on (return (member on (return (member createGzip (member exports (module zlib))))))))","end"
"(return (member on (return (member on (return (member createInflate (member exports (module zlib))))))))","error"
"(return (member on (return (member on (return (member createInterface (member exports (module readline))))))))","close"
"(return (member on (return (member on (return (member createInterface (member exports (module readline))))))))","resume"
"(return (member on (return (member on (return (member createInterface (member exports (module readline))))))))","SIGINT"
"(return (member on (return (member on (return (member createReadStream (member exports (module fs))))))))","error"
"(return (member on (return (member on (return (member createReadStream (member exports (module fs))))))))","end"
"(return (member on (return (member on (return (member createReadStream (member exports (module fs))))))))","close"
"(return (member on (return (member on (return (member createServer (member exports (module http))))))))","error"
"(return (member on (return (member on (return (member createServer (member exports (module http))))))))","close"
"(return (member on (return (member on (return (member createServer (member exports (module http))))))))","listening"
"(return (member on (return (member on (return (member createServer (member exports (module http2))))))))","stream"
"(return (member on (return (member on (return (member createServer (member exports (module net))))))))","error"
"(return (member on (return (member on (return (member createServer (member exports (module net))))))))","close"
"(return (member on (return (member on (return (member createServer (member exports (module net))))))))","listening"
"(return (member on (return (member on (return (member createServer (member exports (module tls))))))))","close"
"(return (member on (return (member on (return (member createWriteStream (member exports (module fs))))))))","error"
"(return (member on (return (member on (return (member createWriteStream (member exports (module fs))))))))","open"
"(return (member on (return (member on (return (member createWriteStream (member exports (module fs))))))))","close"
"(return (member on (return (member on (return (member createWriteStream (member exports (module fs))))))))","finish"
"(return (member on (return (member on (return (member createWriteStream (member exports (module fs))))))))","drain"
"(return (member on (return (member on (return (member exports (module socket.io-client)))))))","disconnect"
"(return (member on (return (member on (return (member exports (module socket.io-client)))))))","connect_error"
"(return (member on (return (member on (return (member exports (module socket.io-client)))))))","reconnect"
"(return (member on (return (member on (return (member fork (member exports (module child_process))))))))","error"
"(return (member on (return (member on (return (member fork (member exports (module child_process))))))))","message"
"(return (member on (return (member on (return (member fork (member exports (module child_process))))))))","exit"
"(return (member on (return (member on (return (member fork (member exports (module cluster))))))))","message"
"(return (member on (return (member on (return (member listen (return (member createServer (member exports (module net))))))))))","close"
"(return (member on (return (member on (return (member listen (return (member createServer (member exports (module net))))))))))","connection"
"(return (member on (return (member on (return (member on (instance (member PassThrough (member exports (module readable-stream))))))))))","error"
"(return (member on (return (member on (return (member on (instance (member PassThrough (member exports (module readable-stream))))))))))","end"
"(return (member on (return (member on (return (member on (instance (member PassThrough (member exports (module stream))))))))))","end"
"(return (member on (return (member on (return (member on (instance (member PassThrough (member exports (module stream))))))))))","pipe"
"(return (member on (return (member on (return (member on (instance (member Server (member exports (module ws))))))))))","close"
"(return (member on (return (member on (return (member on (instance (member Socket (member exports (module net))))))))))","error"
"(return (member on (return (member on (return (member on (instance (member Socket (member exports (module net))))))))))","end"
"(return (member on (return (member on (return (member on (instance (member Socket (member exports (module net))))))))))","close"
"(return (member on (return (member on (return (member on (instance (member Socket (member exports (module net))))))))))","timeout"
"(return (member on (return (member on (return (member on (instance (member exports (module ws)))))))))","message"
"(return (member on (return (member on (return (member on (member exports (module process))))))))","unhandledRejection"
"(return (member on (return (member on (return (member on (parameter 0 (parameter 0 (member createServer (member exports (module http)))))))))))","error"
"(return (member on (return (member on (return (member on (parameter 0 (parameter 0 (member createServer (member exports (module http)))))))))))","end"
"(return (member on (return (member on (return (member on (parameter 0 (parameter 1 (member request (member exports (module http)))))))))))","error"
"(return (member on (return (member on (return (member on (return (member connect (member exports (module net))))))))))","error"
"(return (member on (return (member on (return (member on (return (member connect (member exports (module net))))))))))","end"
"(return (member on (return (member on (return (member on (return (member connect (member exports (module net))))))))))","close"
"(return (member on (return (member on (return (member on (return (member connect (member exports (module net))))))))))","timeout"
"(return (member on (return (member on (return (member on (return (member connect (member exports (module net))))))))))","connect"
"(return (member on (return (member on (return (member on (return (member connect (member exports (module tls))))))))))","close"
"(return (member on (return (member on (return (member on (return (member connect (member exports (module tls))))))))))","finish"
"(return (member on (return (member on (return (member on (return (member createInterface (member exports (module readline))))))))))","SIGCONT"
"(return (member on (return (member on (return (member on (return (member createReadStream (member exports (module fs))))))))))","data"
"(return (member on (return (member on (return (member on (return (member createReadStream (member exports (module fs))))))))))","close"
"(return (member on (return (member on (return (member on (return (member createReadStream (member exports (module fs))))))))))","readable"
"(return (member on (return (member on (return (member on (return (member createServer (member exports (module http))))))))))","request"
"(return (member on (return (member on (return (member on (return (member createServer (member exports (module net))))))))))","error"
"(return (member on (return (member on (return (member on (return (member createWriteStream (member exports (module fs))))))))))","open"
"(return (member on (return (member on (return (member on (return (member createWriteStream (member exports (module fs))))))))))","close"
"(return (member on (return (member on (return (member on (return (member exports (module socket.io-client)))))))))","disconnect"
"(return (member on (return (member on (return (member on (return (member exports (module socket.io-client)))))))))","connect_timeout"
"(return (member on (return (member on (return (member on (return (member on (instance (member PassThrough (member exports (module readable-stream))))))))))))","drain"
"(return (member on (return (member on (return (member on (return (member on (instance (member PassThrough (member exports (module stream))))))))))))","data"
"(return (member on (return (member on (return (member on (return (member on (instance (member Server (member exports (module ws))))))))))))","headers"
"(return (member on (return (member on (return (member on (return (member on (instance (member Socket (member exports (module net))))))))))))","end"
"(return (member on (return (member on (return (member on (return (member on (instance (member Socket (member exports (module net))))))))))))","close"
"(return (member on (return (member on (return (member on (return (member on (instance (member exports (module ws)))))))))))","open"
"(return (member on (return (member on (return (member on (return (member on (member exports (module process))))))))))","warning"
"(return (member on (return (member on (return (member on (return (member on (return (member connect (member exports (module net))))))))))))","error"
"(return (member on (return (member on (return (member on (return (member on (return (member connect (member exports (module net))))))))))))","data"
"(return (member on (return (member on (return (member on (return (member on (return (member connect (member exports (module net))))))))))))","close"
"(return (member on (return (member on (return (member on (return (member on (return (member connect (member exports (module net))))))))))))","connect"
"(return (member on (return (member on (return (member on (return (member on (return (member connect (member exports (module tls))))))))))))","error"
"(return (member on (return (member on (return (member on (return (member on (return (member connect (member exports (module tls))))))))))))","connect"
"(return (member on (return (member on (return (member on (return (member on (return (member createReadStream (member exports (module fs))))))))))))","error"
"(return (member on (return (member on (return (member on (return (member on (return (member createWriteStream (member exports (module fs))))))))))))","close"
"(return (member on (return (member on (return (member on (return (member on (return (member exports (module socket.io-client)))))))))))","error"
"(return (member on (return (member on (return (member on (return (member on (return (member exports (module socket.io-client)))))))))))","reconnect"
"(return (member on (return (member on (return (member on (return (member on (return (member on (instance (member PassThrough (member exports (module stream))))))))))))))","end"
"(return (member on (return (member on (return (member on (return (member on (return (member on (instance (member exports (module ws)))))))))))))","close"
"(return (member on (return (member on (return (member on (return (member on (return (member on (return (member connect (member exports (module tls))))))))))))))","secureConnect"
"(return (member on (return (member on (return (member on (return (member on (return (member on (return (member exports (module socket.io-client)))))))))))))","reconnect_attempt"
"(return (member on (return (member on (return (member on (return (member on (return (member on (return (member on (return (member exports (module socket.io-client)))))))))))))))","reconnecting"
"(return (member on (return (member on (return (member on (return (member on (return (member on (return (member on (return (member on (return (member exports (module socket.io-client)))))))))))))))))","reconnect_error"
"(return (member on (return (member on (return (member on (return (member on (return (member on (return (member on (return (member on (return (member on (return (member exports (module socket.io-client)))))))))))))))))))","reconnect_failed"
"(return (member on (return (member on (return (member on (return (member on (return (member on (return (member on (return (member on (return (member on (return (member on (return (member exports (module socket.io-client)))))))))))))))))))))","connect"
"(return (member on (return (member on (return (member on (return (member on (return (member request (member exports (module http))))))))))))","error"
"(return (member on (return (member on (return (member on (return (member request (member exports (module http))))))))))","error"
"(return (member on (return (member on (return (member on (return (member request (member exports (module http))))))))))","connect"
"(return (member on (return (member on (return (member on (return (member setNoDelay (return (member connect (member exports (module net))))))))))))","close"
"(return (member on (return (member on (return (member on (return (member spawn (member exports (module child_process))))))))))","exit"
"(return (member on (return (member on (return (member request (member exports (module http))))))))","error"
"(return (member on (return (member on (return (member request (member exports (module http))))))))","response"
"(return (member on (return (member on (return (member request (member exports (module http))))))))","information"
"(return (member on (return (member on (return (member request (member exports (module http))))))))","timeout"
"(return (member on (return (member on (return (member request (member exports (module https))))))))","socket"
"(return (member on (return (member on (return (member setEncoding (member stdin (member exports (module process)))))))))","error"
"(return (member on (return (member on (return (member setNoDelay (return (member connect (member exports (module net))))))))))","end"
"(return (member on (return (member on (return (member spawn (member exports (module child_process))))))))","close"
"(return (member on (return (member on (return (member spawn (member exports (module child_process))))))))","exit"
"(return (member on (return (member on (return (member spawn (member exports (module child_process))))))))","disconnect"
"(return (member on (return (member once (instance (member PassThrough (member exports (module stream))))))))","end"
"(return (member on (return (member once (instance (member Readable (member exports (module stream))))))))","error"
"(return (member on (return (member once (instance (member exports (module ws)))))))","message"
"(return (member on (return (member once (instance (member exports (module ws)))))))","close"
"(return (member on (return (member once (return (member connect (member exports (module net))))))))","error"
"(return (member on (return (member once (return (member createWriteStream (member exports (module fs))))))))","error"
"(return (member on (return (member removeAllListeners (return (member on (return (member on (return (member spawn (member exports (module child_process))))))))))))","exit"
"(return (member on (return (member request (member exports (module http))))))","error"
"(return (member on (return (member request (member exports (module http))))))","response"
"(return (member on (return (member request (member exports (module http))))))","close"
"(return (member on (return (member request (member exports (module http))))))","timeout"
"(return (member on (return (member request (member exports (module http))))))","abort"
"(return (member on (return (member request (member exports (module http))))))","connect"
"(return (member on (return (member request (member exports (module http))))))","socket"
"(return (member on (return (member request (member exports (module https))))))","error"
"(return (member on (return (member request (member exports (module https))))))","response"
"(return (member on (return (member request (member exports (module https))))))","timeout"
"(return (member on (return (member request (return (member connect (member exports (module http2))))))))","end"
"(return (member on (return (member setEncoding (member stdin (member exports (module process)))))))","end"
"(return (member on (return (member setKeepAlive (return (member connect (member exports (module net))))))))","error"
"(return (member on (return (member setNoDelay (return (member connect (member exports (module net))))))))","error"
"(return (member on (return (member socket (return (member Manager (member exports (module socket.io-client))))))))","disconnect"
"(return (member on (return (member spawn (member exports (module child_process))))))","error"
"(return (member on (return (member spawn (member exports (module child_process))))))","close"
"(return (member on (return (member spawn (member exports (module child_process))))))","exit"
"(return (member on (return (member spawn (member exports (module child_process))))))","disconnect"
"(return (member on (return (member start (member exports (module repl))))))","reset"
"(return (member on (return (member start (member exports (module repl))))))","exit"
"(return (member once (instance (member PassThrough (member exports (module stream))))))","data"
"(return (member once (instance (member Readable (member exports (module stream))))))","error"
"(return (member once (instance (member Socket (member exports (module net))))))","error"
"(return (member once (instance (member Socket (member exports (module net))))))","timeout"
"(return (member once (instance (member Socket (member exports (module net))))))","connect"
"(return (member once (instance (member Writable (member exports (module readable-stream))))))","finish"
"(return (member once (instance (member exports (module ws)))))","open"
"(return (member once (member exports (module process))))","unhandledRejection"
"(return (member once (member stdin (member exports (module process)))))","data"
"(return (member once (member stdin (member exports (module process)))))","end"
"(return (member once (parameter 0 (parameter 1 (member get (member exports (module http)))))))","error"
"(return (member once (return (member connect (instance (member Socket (member exports (module net))))))))","end"
"(return (member once (return (member connect (instance (member Socket (member exports (module net))))))))","close"
"(return (member once (return (member connect (member exports (module net))))))","error"
"(return (member once (return (member connect (member exports (module net))))))","data"
"(return (member once (return (member connect (member exports (module tls))))))","error"
"(return (member once (return (member connect (member exports (module tls))))))","close"
"(return (member once (return (member createReadStream (member exports (module fs))))))","error"
"(return (member once (return (member createReadStream (member exports (module fs))))))","end"
"(return (member once (return (member createReadStream (member exports (module fs))))))","open"
"(return (member once (return (member createServer (member exports (module http))))))","error"
"(return (member once (return (member createServer (member exports (module http))))))","request"
"(return (member once (return (member createServer (member exports (module net))))))","error"
"(return (member once (return (member createServer (member exports (module net))))))","close"
"(return (member once (return (member createServer (member exports (module net))))))","listening"
"(return (member once (return (member createServer (member exports (module net))))))","connection"
"(return (member once (return (member createWriteStream (member exports (module fs))))))","error"
"(return (member once (return (member createWriteStream (member exports (module fs))))))","open"
"(return (member once (return (member createWriteStream (member exports (module fs))))))","close"
"(return (member once (return (member createWriteStream (member exports (module fs))))))","finish"
"(return (member once (return (member exports (module socket.io-client)))))","disconnect"
"(return (member once (return (member fork (member exports (module child_process))))))","exit"
"(return (member once (return (member fork (member exports (module cluster))))))","exit"
"(return (member once (return (member listen (return (member createServer (member exports (module net))))))))","listening"
"(return (member once (return (member on (instance (member IncomingMessage (member exports (module http))))))))","error"
"(return (member once (return (member on (instance (member PassThrough (member exports (module stream))))))))","end"
"(return (member once (return (member on (instance (member exports (module ws)))))))","close"
"(return (member once (return (member on (return (member createReadStream (member exports (module fs))))))))","error"
"(return (member once (return (member on (return (member createReadStream (member exports (module fs))))))))","close"
"(return (member once (return (member on (return (member fork (member exports (module cluster))))))))","exit"
"(return (member once (return (member on (return (member once (return (member connect (member exports (module net))))))))))","end"
"(return (member once (return (member once (instance (member Socket (member exports (module net))))))))","error"
"(return (member once (return (member once (instance (member Socket (member exports (module net))))))))","close"
"(return (member once (return (member once (instance (member Socket (member exports (module net))))))))","connect"
"(return (member once (return (member once (instance (member exports (module ws)))))))","close"
"(return (member once (return (member once (return (member createReadStream (member exports (module fs))))))))","close"
"(return (member once (return (member once (return (member createServer (member exports (module net))))))))","error"
"(return (member once (return (member once (return (member fork (member exports (module child_process))))))))","message"
"(return (member once (return (member once (return (member once (instance (member Socket (member exports (module net))))))))))","close"
"(return (member once (return (member once (return (member once (instance (member Socket (member exports (module net))))))))))","timeout"
"(return (member once (return (member once (return (member once (return (member createServer (member exports (module net))))))))))","error"
"(return (member once (return (member once (return (member once (return (member fork (member exports (module child_process))))))))))","error"
"(return (member once (return (member once (return (member once (return (member request (member exports (module http))))))))))","response"
"(return (member once (return (member once (return (member removeAllListeners (return (member fork (member exports (module child_process))))))))))","message"
"(return (member once (return (member once (return (member request (member exports (module http))))))))","error"
"(return (member once (return (member removeAllListeners (return (member fork (member exports (module child_process))))))))","exit"
"(return (member once (return (member request (member exports (module http))))))","response"
"(return (member once (return (member request (member exports (module https))))))","error"
"(return (member once (return (member spawn (member exports (module child_process))))))","error"
"(return (member once (return (member spawn (member exports (module child_process))))))","close"
"(return (member once (return (member spawn (member exports (module child_process))))))","exit"
"(return (member removeAllListeners (return (member fork (member exports (module child_process))))))","error"
"(return (member removeAllListeners (return (member on (return (member on (return (member spawn (member exports (module child_process))))))))))","close"
"(return (member removeAllListeners (return (member request (member exports (module http))))))","error"
"(return (member removeListener (instance (member PassThrough (member exports (module stream))))))","data"
"(return (member request (member exports (module http))))","error"
"(return (member request (member exports (module http))))","response"
"(return (member request (member exports (module http))))","continue"
"(return (member request (member exports (module http))))","information"
"(return (member request (member exports (module http))))","close"
"(return (member request (member exports (module http))))","timeout"
"(return (member request (member exports (module http))))","abort"
"(return (member request (member exports (module http))))","finish"
"(return (member request (member exports (module http))))","connect"
"(return (member request (member exports (module http))))","upgrade"
"(return (member request (member exports (module http))))","pipe"
"(return (member request (member exports (module http))))","socket"
"(return (member request (member exports (module http))))","drain"
"(return (member request (member exports (module https))))","error"
"(return (member request (member exports (module https))))","response"
"(return (member request (member exports (module https))))","continue"
"(return (member request (member exports (module https))))","close"
"(return (member request (member exports (module https))))","timeout"
"(return (member request (member exports (module https))))","abort"
"(return (member request (member exports (module https))))","connect"
"(return (member request (member exports (module https))))","upgrade"
"(return (member request (member exports (module https))))","socket"
"(return (member request (member exports (module https))))","drain"
"(return (member request (return (member connect (member exports (module http2))))))","error"
"(return (member request (return (member connect (member exports (module http2))))))","response"
"(return (member request (return (member connect (member exports (module http2))))))","continue"
"(return (member request (return (member connect (member exports (module http2))))))","data"
"(return (member request (return (member connect (member exports (module http2))))))","end"
"(return (member request (return (member connect (member exports (module http2))))))","close"
"(return (member request (return (member connect (member exports (module http2))))))","headers"
"(return (member request (return (member connect (member exports (module http2))))))","timeout"
"(return (member request (return (member connect (member exports (module http2))))))","finish"
"(return (member request (return (member connect (member exports (module http2))))))","readable"
"(return (member request (return (member connect (member exports (module http2))))))","aborted"
"(return (member request (return (member connect (member exports (module http2))))))","trailers"
"(return (member request (return (member connect (member exports (module http2))))))","drain"
"(return (member request (return (member connect (member exports (module http2))))))","frameError"
"(return (member request (return (member connect (member exports (module http2))))))","wantTrailers"
"(return (member request (return (member on (return (member connect (member exports (module http2))))))))","error"
"(return (member request (return (member on (return (member connect (member exports (module http2))))))))","response"
"(return (member setEncoding (member stdin (member exports (module process)))))","data"
"(return (member setEncoding (member stdin (member exports (module process)))))","readable"
"(return (member setEncoding (return (member connect (member exports (module tls))))))","data"
"(return (member setKeepAlive (return (member connect (member exports (module net))))))","data"
"(return (member setNoDelay (return (member connect (member exports (module net))))))","connect"
"(return (member socket (instance (member Manager (member exports (module socket.io-client))))))","error"
"(return (member socket (instance (member Manager (member exports (module socket.io-client))))))","pong"
"(return (member socket (instance (member Manager (member exports (module socket.io-client))))))","ping"
"(return (member socket (instance (member Manager (member exports (module socket.io-client))))))","connect"
"(return (member socket (instance (member Manager (member exports (module socket.io-client))))))","disconnect"
"(return (member socket (instance (member Manager (member exports (module socket.io-client))))))","connect_error"
"(return (member socket (instance (member Manager (member exports (module socket.io-client))))))","reconnect"
"(return (member socket (instance (member Manager (member exports (module socket.io-client))))))","reconnect_attempt"
"(return (member socket (instance (member Manager (member exports (module socket.io-client))))))","reconnect_failed"
"(return (member socket (instance (member Manager (member exports (module socket.io-client))))))","reconnecting"
"(return (member socket (return (member Manager (member exports (module socket.io-client))))))","error"
"(return (member socket (return (member Manager (member exports (module socket.io-client))))))","connect"
"(return (member socket (return (member Manager (member exports (module socket.io-client))))))","connect_error"
"(return (member socket (return (member Manager (member exports (module socket.io-client))))))","reconnect_attempt"
"(return (member socket (return (member Manager (member exports (module socket.io-client))))))","reconnect_failed"
"(return (member socket (return (member Manager (member exports (module socket.io-client))))))","reconnecting"
"(return (member spawn (member exports (module child_process))))","error"
"(return (member spawn (member exports (module child_process))))","message"
"(return (member spawn (member exports (module child_process))))","close"
"(return (member spawn (member exports (module child_process))))","exit"
"(return (member spawn (member exports (module child_process))))","disconnect"
"(return (member start (member exports (module repl))))","reset"
"(return (member start (member exports (module repl))))","close"
"(return (member start (member exports (module repl))))","exit"
"(return (member start (member exports (module repl))))","line"
"(return (member start (member exports (module repl))))","SIGINT"
"(return (member unref (return (member createServer (member exports (module net))))))","error"
"(return (member unref (return (member listen (return (member createServer (member exports (module net))))))))","listening"
